dataset,model,train_seed,placement_seed,shift,coverage,MAE,snaive7,common_mode,n_target,n_observed,realised_shift
mta,spin,0,0,no shift,inside,719.7586104981084,993.2239747634068,615.5834396350751,65,66,0.8412481727836516
mta,spin,0,0,no shift,outside,754.807777690206,993.2239747634068,623.276234745115,65,66,0.8412481727836516
mta,spin,0,1,no shift,inside,685.4378250591017,946.0744244717756,638.7248195660171,65,66,0.8412481727836516
mta,spin,0,1,no shift,outside,725.8123194116102,946.0744244717756,640.8436092925723,65,66,0.8412481727836516
mta,spin,0,2,no shift,inside,781.343608864615,1056.5591154997635,665.2195042765269,65,66,0.8412481727836516
mta,spin,0,2,no shift,outside,835.6814541539754,1056.5591154997635,670.7288228025842,65,66,0.8412481727836516
mta,spin,0,3,no shift,inside,730.7508142894668,998.2208556711868,618.1920085298035,65,66,0.8412481727836516
mta,spin,0,3,no shift,outside,724.4829458891516,998.2208556711868,617.7181811885386,65,66,0.8412481727836516
mta,spin,0,4,no shift,inside,716.7030462184874,974.1004465458366,610.5315490128482,65,66,0.8412481727836516
mta,spin,0,4,no shift,outside,717.4165835084034,974.1004465458366,603.9017391276316,65,66,0.8412481727836516
mta,spin,0,0,regional shift,inside,207.7141524800336,248.3059936908517,153.8801707664139,65,66,0.8412481727836516
mta,spin,0,0,regional shift,outside,498.46327895124,248.3059936908517,155.82280772812058,65,66,0.8412481727836516
mta,spin,0,1,regional shift,inside,197.5535526661413,236.51860611794388,159.65467919311348,65,66,0.8412481727836516
mta,spin,0,1,regional shift,outside,481.70717756763855,236.51860611794388,160.21150760772235,65,66,0.8412481727836516
mta,spin,0,2,regional shift,inside,215.36857998109443,264.13977887494093,166.2781780814861,65,66,0.8412481727836516
mta,spin,0,2,regional shift,outside,566.6209825648566,264.13977887494093,167.68460021856967,65,66,0.8412481727836516
mta,spin,0,3,regional shift,inside,193.978482072498,249.5552139177967,154.531490233714,65,66,0.8412481727836516
mta,spin,0,3,regional shift,outside,527.472281323877,249.5552139177967,154.42793466022005,65,66,0.8412481727836516
mta,spin,0,4,regional shift,inside,212.31075695903365,243.52511163645917,152.6169901479139,65,66,0.8412481727836516
mta,spin,0,4,regional shift,outside,460.8460346638656,243.52511163645917,150.97627092231934,65,66,0.8412481727836516
mta,spin,1,0,no shift,inside,567.1298339638504,993.2239747634068,615.5834396350751,65,66,0.8412481727836516
mta,spin,1,0,no shift,outside,584.9438445775536,993.2239747634068,623.276234745115,65,66,0.8412481727836516
mta,spin,1,1,no shift,inside,550.0324074074074,946.0744244717756,638.7248195660171,65,66,0.8412481727836516
mta,spin,1,1,no shift,outside,565.41987785658,946.0744244717756,640.8436092925723,65,66,0.8412481727836516
mta,spin,1,2,no shift,inside,622.3670439029514,1056.5591154997635,665.2195042765269,65,66,0.8412481727836516
mta,spin,1,2,no shift,outside,656.6582685642264,1056.5591154997635,670.7288228025842,65,66,0.8412481727836516
mta,spin,1,3,no shift,inside,571.5890793275545,998.2208556711868,618.1920085298035,65,66,0.8412481727836516
mta,spin,1,3,no shift,outside,567.2500328342527,998.2208556711868,617.7181811885386,65,66,0.8412481727836516
mta,spin,1,4,no shift,inside,578.4754136029412,974.1004465458366,610.5315490128482,65,66,0.8412481727836516
mta,spin,1,4,no shift,outside,569.423181460084,974.1004465458366,603.9017391276316,65,66,0.8412481727836516
mta,spin,1,0,regional shift,inside,269.2818246899958,248.3059936908517,153.8801707664139,65,66,0.8412481727836516
mta,spin,1,0,regional shift,outside,605.7695066204287,248.3059936908517,155.82280772812058,65,66,0.8412481727836516
mta,spin,1,1,regional shift,inside,254.37752495403203,236.51860611794388,159.65467919311348,65,66,0.8412481727836516
mta,spin,1,1,regional shift,outside,562.7740346729709,236.51860611794388,160.21150760772235,65,66,0.8412481727836516
mta,spin,1,2,regional shift,inside,304.92398382522845,264.13977887494093,166.2781780814861,65,66,0.8412481727836516
mta,spin,1,2,regional shift,outside,662.7517395756748,264.13977887494093,167.68460021856967,65,66,0.8412481727836516
mta,spin,1,3,regional shift,inside,277.6352836879433,249.5552139177967,154.531490233714,65,66,0.8412481727836516
mta,spin,1,3,regional shift,outside,643.3790911478854,249.5552139177967,154.42793466022005,65,66,0.8412481727836516
mta,spin,1,4,regional shift,inside,280.01238839285713,243.52511163645917,152.6169901479139,65,66,0.8412481727836516
mta,spin,1,4,regional shift,outside,538.0003545168067,243.52511163645917,150.97627092231934,65,66,0.8412481727836516
mta,spin,2,0,no shift,inside,579.1415576397646,993.2239747634068,615.5834396350751,65,66,0.8412481727836516
mta,spin,2,0,no shift,outside,595.1660361496427,993.2239747634068,623.276234745115,65,66,0.8412481727836516
mta,spin,2,1,no shift,inside,552.1422970843183,946.0744244717756,638.7248195660171,65,66,0.8412481727836516
mta,spin,2,1,no shift,outside,567.7514709745207,946.0744244717756,640.8436092925723,65,66,0.8412481727836516
mta,spin,2,2,no shift,inside,631.0032822182544,1056.5591154997635,665.2195042765269,65,66,0.8412481727836516
mta,spin,2,2,no shift,outside,676.9417865770403,1056.5591154997635,670.7288228025842,65,66,0.8412481727836516
mta,spin,2,3,no shift,inside,578.717572892041,998.2208556711868,618.1920085298035,65,66,0.8412481727836516
mta,spin,2,3,no shift,outside,570.5143157341739,998.2208556711868,617.7181811885386,65,66,0.8412481727836516
mta,spin,2,4,no shift,inside,584.4527770483194,974.1004465458366,610.5315490128482,65,66,0.8412481727836516
mta,spin,2,4,no shift,outside,570.9984309348739,974.1004465458366,603.9017391276316,65,66,0.8412481727836516
mta,spin,2,0,regional shift,inside,205.8546461223203,248.3059936908517,153.8801707664139,65,66,0.8412481727836516
mta,spin,2,0,regional shift,outside,674.8844314838167,248.3059936908517,155.82280772812058,65,66,0.8412481727836516
mta,spin,2,1,regional shift,inside,197.57050170738117,236.51860611794388,159.65467919311348,65,66,0.8412481727836516
mta,spin,2,1,regional shift,outside,632.5857827685842,236.51860611794388,160.21150760772235,65,66,0.8412481727836516
mta,spin,2,2,regional shift,inside,224.90672920386515,264.13977887494093,166.2781780814861,65,66,0.8412481727836516
mta,spin,2,2,regional shift,outside,743.2577591639533,264.13977887494093,167.68460021856967,65,66,0.8412481727836516
mta,spin,2,3,regional shift,inside,207.13093971631207,249.5552139177967,154.531490233714,65,66,0.8412481727836516
mta,spin,2,3,regional shift,outside,692.770633044392,249.5552139177967,154.42793466022005,65,66,0.8412481727836516
mta,spin,2,4,regional shift,inside,214.29827665441172,243.52511163645917,152.6169901479139,65,66,0.8412481727836516
mta,spin,2,4,regional shift,outside,591.1594406512605,243.52511163645917,150.97627092231934,65,66,0.8412481727836516
mta,spin_c,0,0,no shift,inside,515.8084410466582,993.2239747634068,615.5834396350751,65,66,0.8412481727836516
mta,spin_c,0,0,no shift,outside,532.0893560844893,993.2239747634068,623.276234745115,65,66,0.8412481727836516
mta,spin_c,0,1,no shift,inside,487.4689322301024,946.0744244717756,638.7248195660171,65,66,0.8412481727836516
mta,spin_c,0,1,no shift,outside,495.1156356711321,946.0744244717756,640.8436092925723,65,66,0.8412481727836516
mta,spin_c,0,2,no shift,inside,562.5531062913559,1056.5591154997635,665.2195042765269,65,66,0.8412481727836516
mta,spin_c,0,2,no shift,outside,580.5174417078038,1056.5591154997635,670.7288228025842,65,66,0.8412481727836516
mta,spin_c,0,3,no shift,inside,518.1655765694773,998.2208556711868,618.1920085298035,65,66,0.8412481727836516
mta,spin_c,0,3,no shift,outside,523.8694444444444,998.2208556711868,617.7181811885386,65,66,0.8412481727836516
mta,spin_c,0,4,no shift,inside,514.1797268907563,974.1004465458366,610.5315490128482,65,66,0.8412481727836516
mta,spin_c,0,4,no shift,outside,509.0156512605042,974.1004465458366,603.9017391276316,65,66,0.8412481727836516
mta,spin_c,0,0,regional shift,inside,129.12504761717108,248.3059936908517,153.8801707664139,65,66,0.8412481727836516
mta,spin_c,0,0,regional shift,outside,133.22498456546867,248.3059936908517,155.82280772812058,65,66,0.8412481727836516
mta,spin_c,0,1,regional shift,inside,122.03387509850276,236.51860611794388,159.65467919311348,65,66,0.8412481727836516
mta,spin_c,0,1,regional shift,outside,123.96908490937746,236.51860611794388,160.21150760772235,65,66,0.8412481727836516
mta,spin_c,0,2,regional shift,inside,140.6174246402689,264.13977887494093,166.2781780814861,65,66,0.8412481727836516
mta,spin_c,0,2,regional shift,outside,145.27906732486085,264.13977887494093,167.68460021856967,65,66,0.8412481727836516
mta,spin_c,0,3,regional shift,inside,129.67511163645915,249.5552139177967,154.531490233714,65,66,0.8412481727836516
mta,spin_c,0,3,regional shift,outside,131.11523837667454,249.5552139177967,154.42793466022005,65,66,0.8412481727836516
mta,spin_c,0,4,regional shift,inside,128.70155921743697,243.52511163645917,152.6169901479139,65,66,0.8412481727836516
mta,spin_c,0,4,regional shift,outside,127.3862493434874,243.52511163645917,150.97627092231934,65,66,0.8412481727836516
mta,spin_c,1,0,no shift,inside,493.09882697562,993.2239747634068,615.5834396350751,65,66,0.8412481727836516
mta,spin_c,1,0,no shift,outside,507.135922393863,993.2239747634068,623.276234745115,65,66,0.8412481727836516
mta,spin_c,1,1,no shift,inside,471.3895718413449,946.0744244717756,638.7248195660171,65,66,0.8412481727836516
mta,spin_c,1,1,no shift,outside,469.06514315734177,946.0744244717756,640.8436092925723,65,66,0.8412481727836516
mta,spin_c,1,2,no shift,inside,532.2431270349754,1056.5591154997635,665.2195042765269,65,66,0.8412481727836516
mta,spin_c,1,2,no shift,outside,542.0358090011554,1056.5591154997635,670.7288228025842,65,66,0.8412481727836516
mta,spin_c,1,3,no shift,inside,499.6559429997373,998.2208556711868,618.1920085298035,65,66,0.8412481727836516
mta,spin_c,1,3,no shift,outside,503.1969792487523,998.2208556711868,617.7181811885386,65,66,0.8412481727836516
mta,spin_c,1,4,no shift,inside,489.4047137605042,974.1004465458366,610.5315490128482,65,66,0.8412481727836516
mta,spin_c,1,4,no shift,outside,486.455993960084,974.1004465458366,603.9017391276316,65,66,0.8412481727836516
mta,spin_c,1,0,regional shift,inside,123.46387827080706,248.3059936908517,153.8801707664139,65,66,0.8412481727836516
mta,spin_c,1,0,regional shift,outside,126.92664985287936,248.3059936908517,155.82280772812058,65,66,0.8412481727836516
mta,spin_c,1,1,regional shift,inside,117.95829557394272,236.51860611794388,159.65467919311348,65,66,0.8412481727836516
mta,spin_c,1,1,regional shift,outside,117.41785198318888,236.51860611794388,160.21150760772235,65,66,0.8412481727836516
mta,spin_c,1,2,regional shift,inside,133.25072865245247,264.13977887494093,166.2781780814861,65,66,0.8412481727836516
mta,spin_c,1,2,regional shift,outside,135.63374382942968,264.13977887494093,167.68460021856967,65,66,0.8412481727836516
mta,spin_c,1,3,regional shift,inside,125.04232991857106,249.5552139177967,154.531490233714,65,66,0.8412481727836516
mta,spin_c,1,3,regional shift,outside,125.87641187286576,249.5552139177967,154.42793466022005,65,66,0.8412481727836516
mta,spin_c,1,4,regional shift,inside,122.60345325630252,243.52511163645917,152.6169901479139,65,66,0.8412481727836516
mta,spin_c,1,4,regional shift,outside,121.7124097295168,243.52511163645917,150.97627092231934,65,66,0.8412481727836516
mta,spin_c,2,0,no shift,inside,491.9096981399748,993.2239747634068,615.5834396350751,65,66,0.8412481727836516
mta,spin_c,2,0,no shift,outside,506.1169346364018,993.2239747634068,623.276234745115,65,66,0.8412481727836516
mta,spin_c,2,1,no shift,inside,462.0983714210665,946.0744244717756,638.7248195660171,65,66,0.8412481727836516
mta,spin_c,2,1,no shift,outside,465.21606251641714,946.0744244717756,640.8436092925723,65,66,0.8412481727836516
mta,spin_c,2,2,no shift,inside,533.3069530511501,1056.5591154997635,665.2195042765269,65,66,0.8412481727836516
mta,spin_c,2,2,no shift,outside,550.8529631866401,1056.5591154997635,670.7288228025842,65,66,0.8412481727836516
mta,spin_c,2,3,no shift,inside,495.22362752823744,998.2208556711868,618.1920085298035,65,66,0.8412481727836516
mta,spin_c,2,3,no shift,outside,493.7358747044917,998.2208556711868,617.7181811885386,65,66,0.8412481727836516
mta,spin_c,2,4,no shift,inside,484.5737394957983,974.1004465458366,610.5315490128482,65,66,0.8412481727836516
mta,spin_c,2,4,no shift,outside,477.75242909663865,974.1004465458366,603.9017391276316,65,66,0.8412481727836516
mta,spin_c,2,0,regional shift,inside,123.23709903058008,248.3059936908517,153.8801707664139,65,66,0.8412481727836516
mta,spin_c,2,0,regional shift,outside,126.7760761480664,248.3059936908517,155.82280772812058,65,66,0.8412481727836516
mta,spin_c,2,1,regional shift,inside,115.66430588389808,236.51860611794388,159.65467919311348,65,66,0.8412481727836516
mta,spin_c,2,1,regional shift,outside,116.5053306409246,236.51860611794388,160.21150760772235,65,66,0.8412481727836516
mta,spin_c,2,2,regional shift,inside,133.50176419231173,264.13977887494093,166.2781780814861,65,66,0.8412481727836516
mta,spin_c,2,2,regional shift,outside,137.9505730753072,264.13977887494093,167.68460021856967,65,66,0.8412481727836516
mta,spin_c,2,3,regional shift,inside,123.88927469135804,249.5552139177967,154.531490233714,65,66,0.8412481727836516
mta,spin_c,2,3,regional shift,outside,123.56909968479115,249.5552139177967,154.42793466022005,65,66,0.8412481727836516
mta,spin_c,2,4,regional shift,inside,121.40563944327732,243.52511163645917,152.6169901479139,65,66,0.8412481727836516
mta,spin_c,2,4,regional shift,outside,119.6430475315126,243.52511163645917,150.97627092231934,65,66,0.8412481727836516
mta,ignnk_off,0,0,no shift,inside,1060.0469899379991,993.2239747634069,615.5834396350751,65,66,0.8412481727836516
mta,ignnk_off,0,0,no shift,outside,1062.7458363709804,993.2239747634069,623.276234745115,65,66,0.8412481727836516
mta,ignnk_off,0,1,no shift,inside,960.5243174579722,946.0744244717755,638.7248195660171,65,66,0.8412481727836516
mta,ignnk_off,0,1,no shift,outside,963.8889352672708,946.0744244717755,640.8436092925723,65,66,0.8412481727836516
mta,ignnk_off,0,2,no shift,inside,1116.7396269594842,1056.5591154997637,665.2195042765269,65,66,0.8412481727836516
mta,ignnk_off,0,2,no shift,outside,1101.154697921043,1056.5591154997637,670.7288228025842,65,66,0.8412481727836516
mta,ignnk_off,0,3,no shift,inside,1041.0594156323878,998.2208556711868,618.1920085298035,65,66,0.8412481727836516
mta,ignnk_off,0,3,no shift,outside,1058.6145870271869,998.2208556711868,617.7181811885386,65,66,0.8412481727836516
mta,ignnk_off,0,4,no shift,inside,1034.6768222327994,974.1004465458366,610.5315490128482,65,66,0.8412481727836516
mta,ignnk_off,0,4,no shift,outside,1037.3364676339286,974.1004465458366,603.9017391276316,65,66,0.8412481727836516
mta,ignnk_off,0,0,regional shift,inside,367.30694818677097,248.30599369085172,153.8801707664139,65,66,0.8412481727836516
mta,ignnk_off,0,0,regional shift,outside,433.9630258823954,248.30599369085172,155.82280772812058,65,66,0.8412481727836516
mta,ignnk_off,0,1,regional shift,inside,326.2168517697662,236.51860611794388,159.65467919311348,65,66,0.8412481727836516
mta,ignnk_off,0,1,regional shift,outside,383.0496051681114,236.51860611794388,160.21150760772235,65,66,0.8412481727836516
mta,ignnk_off,0,2,regional shift,inside,394.99999764090563,264.13977887494093,166.2781780814861,65,66,0.8412481727836516
mta,ignnk_off,0,2,regional shift,outside,440.0508877169546,264.13977887494093,167.68460021856967,65,66,0.8412481727836516
mta,ignnk_off,0,3,regional shift,inside,367.9543369943525,249.5552139177967,154.531490233714,65,66,0.8412481727836516
mta,ignnk_off,0,3,regional shift,outside,448.5691680210796,249.5552139177967,154.42793466022005,65,66,0.8412481727836516
mta,ignnk_off,0,4,regional shift,inside,362.0932274569984,243.52511163645914,152.6169901479139,65,66,0.8412481727836516
mta,ignnk_off,0,4,regional shift,outside,408.0198398109244,243.52511163645914,150.97627092231934,65,66,0.8412481727836516
mta,ignnk_off,1,0,no shift,inside,922.5852376096836,993.2239747634069,615.5834396350751,65,66,0.8412481727836516
mta,ignnk_off,1,0,no shift,outside,922.9368062670765,993.2239747634069,623.276234745115,65,66,0.8412481727836516
mta,ignnk_off,1,1,no shift,inside,830.2437356350144,946.0744244717755,638.7248195660171,65,66,0.8412481727836516
mta,ignnk_off,1,1,no shift,outside,846.5149260408458,946.0744244717755,640.8436092925723,65,66,0.8412481727836516
mta,ignnk_off,1,2,no shift,inside,969.0080931296608,1056.5591154997637,665.2195042765269,65,66,0.8412481727836516
mta,ignnk_off,1,2,no shift,outside,946.9589357571421,1056.5591154997637,670.7288228025842,65,66,0.8412481727836516
mta,ignnk_off,1,3,no shift,inside,883.8515481350145,998.2208556711868,618.1920085298035,65,66,0.8412481727836516
mta,ignnk_off,1,3,no shift,outside,900.4741060874704,998.2208556711868,617.7181811885386,65,66,0.8412481727836516
mta,ignnk_off,1,4,no shift,inside,894.5007533482143,974.1004465458366,610.5315490128482,65,66,0.8412481727836516
mta,ignnk_off,1,4,no shift,outside,889.8556016938026,974.1004465458366,603.9017391276316,65,66,0.8412481727836516
mta,ignnk_off,1,0,regional shift,inside,395.54912111427467,248.30599369085172,153.8801707664139,65,66,0.8412481727836516
mta,ignnk_off,1,0,regional shift,outside,533.489023318457,248.30599369085172,155.82280772812058,65,66,0.8412481727836516
mta,ignnk_off,1,1,regional shift,inside,354.1920191218479,236.51860611794388,159.65467919311348,65,66,0.8412481727836516
mta,ignnk_off,1,1,regional shift,outside,480.6755396104216,236.51860611794388,160.21150760772235,65,66,0.8412481727836516
mta,ignnk_off,1,2,regional shift,inside,442.14083598509217,264.13977887494093,166.2781780814861,65,66,0.8412481727836516
mta,ignnk_off,1,2,regional shift,outside,547.7879035692482,264.13977887494093,167.68460021856967,65,66,0.8412481727836516
mta,ignnk_off,1,3,regional shift,inside,412.1232061211256,249.5552139177967,154.531490233714,65,66,0.8412481727836516
mta,ignnk_off,1,3,regional shift,outside,568.5979425236407,249.5552139177967,154.42793466022005,65,66,0.8412481727836516
mta,ignnk_off,1,4,regional shift,inside,392.36981006269696,243.52511163645914,152.6169901479139,65,66,0.8412481727836516
mta,ignnk_off,1,4,regional shift,outside,500.0400275735294,243.52511163645914,150.97627092231934,65,66,0.8412481727836516
mta,ignnk_off,2,0,no shift,inside,941.2997525549075,993.2239747634069,615.5834396350751,65,66,0.8412481727836516
mta,ignnk_off,2,0,no shift,outside,941.47441233843,993.2239747634069,623.276234745115,65,66,0.8412481727836516
mta,ignnk_off,2,1,no shift,inside,857.9263351228001,946.0744244717755,638.7248195660171,65,66,0.8412481727836516
mta,ignnk_off,2,1,no shift,outside,867.1730508766746,946.0744244717755,640.8436092925723,65,66,0.8412481727836516
mta,ignnk_off,2,2,no shift,inside,981.6736720144943,1056.5591154997637,665.2195042765269,65,66,0.8412481727836516
mta,ignnk_off,2,2,no shift,outside,967.4543283432675,1056.5591154997637,670.7288228025842,65,66,0.8412481727836516
mta,ignnk_off,2,3,no shift,inside,921.3322399527186,998.2208556711868,618.1920085298035,65,66,0.8412481727836516
mta,ignnk_off,2,3,no shift,outside,926.3663194444445,998.2208556711868,617.7181811885386,65,66,0.8412481727836516
mta,ignnk_off,2,4,no shift,inside,922.1148983226103,974.1004465458366,610.5315490128482,65,66,0.8412481727836516
mta,ignnk_off,2,4,no shift,outside,912.5225224855567,974.1004465458366,603.9017391276316,65,66,0.8412481727836516
mta,ignnk_off,2,0,regional shift,inside,345.1973619881975,248.30599369085172,153.8801707664139,65,66,0.8412481727836516
mta,ignnk_off,2,0,regional shift,outside,464.40583057892627,248.30599369085172,155.82280772812058,65,66,0.8412481727836516
mta,ignnk_off,2,1,regional shift,inside,316.545097846073,236.51860611794388,159.65467919311348,65,66,0.8412481727836516
mta,ignnk_off,2,1,regional shift,outside,428.8045081428947,236.51860611794388,160.21150760772235,65,66,0.8412481727836516
mta,ignnk_off,2,2,regional shift,inside,383.8936764372834,264.13977887494093,166.2781780814861,65,66,0.8412481727836516
mta,ignnk_off,2,2,regional shift,outside,499.2085659947419,264.13977887494093,167.68460021856967,65,66,0.8412481727836516
mta,ignnk_off,2,3,regional shift,inside,337.98768299965525,249.5552139177967,154.531490233714,65,66,0.8412481727836516
mta,ignnk_off,2,3,regional shift,outside,476.24120072809956,249.5552139177967,154.42793466022005,65,66,0.8412481727836516
mta,ignnk_off,2,4,regional shift,inside,340.0181696018251,243.52511163645914,152.6169901479139,65,66,0.8412481727836516
mta,ignnk_off,2,4,regional shift,outside,448.3085988790047,243.52511163645914,150.97627092231934,65,66,0.8412481727836516
mta,ignnk_off_c,0,0,no shift,inside,785.1262762222835,993.2239747634069,615.5834396350751,65,66,0.8412481727836516
mta,ignnk_off_c,0,0,no shift,outside,771.2817331500893,993.2239747634069,623.276234745115,65,66,0.8412481727836516
mta,ignnk_off_c,0,1,no shift,inside,711.3821833136328,946.0744244717755,638.7248195660171,65,66,0.8412481727836516
mta,ignnk_off_c,0,1,no shift,outside,729.7292393124508,946.0744244717755,640.8436092925723,65,66,0.8412481727836516
mta,ignnk_off_c,0,2,no shift,inside,809.9418801202605,1056.5591154997637,665.2195042765269,65,66,0.8412481727836516
mta,ignnk_off_c,0,2,no shift,outside,797.3142691156391,1056.5591154997637,670.7288228025842,65,66,0.8412481727836516
mta,ignnk_off_c,0,3,no shift,inside,751.3622919129235,998.2208556711868,618.1920085298035,65,66,0.8412481727836516
mta,ignnk_off_c,0,3,no shift,outside,764.7392447301024,998.2208556711868,617.7181811885386,65,66,0.8412481727836516
mta,ignnk_off_c,0,4,no shift,inside,781.060855025604,974.1004465458366,610.5315490128482,65,66,0.8412481727836516
mta,ignnk_off_c,0,4,no shift,outside,766.7944828321954,974.1004465458366,603.9017391276316,65,66,0.8412481727836516
mta,ignnk_off_c,0,0,regional shift,inside,196.48652546943964,248.30599369085172,153.8801707664139,65,66,0.8412481727836516
mta,ignnk_off_c,0,0,regional shift,outside,192.93664863782053,248.30599369085172,155.82280772812058,65,66,0.8412481727836516
mta,ignnk_off_c,0,1,regional shift,inside,177.94450754777384,236.51860611794388,159.65467919311348,65,66,0.8412481727836516
mta,ignnk_off_c,0,1,regional shift,outside,182.5270019659509,236.51860611794388,160.21150760772235,65,66,0.8412481727836516
mta,ignnk_off_c,0,2,regional shift,inside,202.60819493996823,264.13977887494093,166.2781780814861,65,66,0.8412481727836516
mta,ignnk_off_c,0,2,regional shift,outside,199.48162614221195,264.13977887494093,167.68460021856967,65,66,0.8412481727836516
mta,ignnk_off_c,0,3,regional shift,inside,187.85633085434725,249.5552139177967,154.531490233714,65,66,0.8412481727836516
mta,ignnk_off_c,0,3,regional shift,outside,191.20193537398214,249.5552139177967,154.42793466022005,65,66,0.8412481727836516
mta,ignnk_off_c,0,4,regional shift,inside,195.47399399701285,243.52511163645914,152.6169901479139,65,66,0.8412481727836516
mta,ignnk_off_c,0,4,regional shift,outside,191.84578334263392,243.52511163645914,150.97627092231934,65,66,0.8412481727836516
mta,ignnk_off_c,1,0,no shift,inside,812.9369889363966,993.2239747634069,615.5834396350751,65,66,0.8412481727836516
mta,ignnk_off_c,1,0,no shift,outside,797.9395725784206,993.2239747634069,623.276234745115,65,66,0.8412481727836516
mta,ignnk_off_c,1,1,no shift,inside,732.2544761294982,946.0744244717755,638.7248195660171,65,66,0.8412481727836516
mta,ignnk_off_c,1,1,no shift,outside,755.1617788777253,946.0744244717755,640.8436092925723,65,66,0.8412481727836516
mta,ignnk_off_c,1,2,no shift,inside,838.5153004706701,1056.5591154997637,665.2195042765269,65,66,0.8412481727836516
mta,ignnk_off_c,1,2,no shift,outside,833.6628603875644,1056.5591154997637,670.7288228025842,65,66,0.8412481727836516
mta,ignnk_off_c,1,3,no shift,inside,772.010425285658,998.2208556711868,618.1920085298035,65,66,0.8412481727836516
mta,ignnk_off_c,1,3,no shift,outside,793.1368351063829,998.2208556711868,617.7181811885386,65,66,0.8412481727836516
mta,ignnk_off_c,1,4,no shift,inside,801.9735310530463,974.1004465458366,610.5315490128482,65,66,0.8412481727836516
mta,ignnk_off_c,1,4,no shift,outside,788.9285763524159,974.1004465458366,603.9017391276316,65,66,0.8412481727836516
mta,ignnk_off_c,1,0,regional shift,inside,203.33718006186947,248.30599369085172,153.8801707664139,65,66,0.8412481727836516
mta,ignnk_off_c,1,0,regional shift,outside,199.50780069833044,248.30599369085172,155.82280772812058,65,66,0.8412481727836516
mta,ignnk_off_c,1,1,regional shift,inside,183.03755715212108,236.51860611794388,159.65467919311348,65,66,0.8412481727836516
mta,ignnk_off_c,1,1,regional shift,outside,188.76113183773313,236.51860611794388,160.21150760772235,65,66,0.8412481727836516
mta,ignnk_off_c,1,2,regional shift,inside,209.70222187713344,264.13977887494093,166.2781780814861,65,66,0.8412481727836516
mta,ignnk_off_c,1,2,regional shift,outside,208.51569879862606,264.13977887494093,167.68460021856967,65,66,0.8412481727836516
mta,ignnk_off_c,1,3,regional shift,inside,193.02440334006437,249.5552139177967,154.531490233714,65,66,0.8412481727836516
mta,ignnk_off_c,1,3,regional shift,outside,198.27621517517073,249.5552139177967,154.42793466022005,65,66,0.8412481727836516
mta,ignnk_off_c,1,4,regional shift,inside,200.64246569721638,243.52511163645914,152.6169901479139,65,66,0.8412481727836516
mta,ignnk_off_c,1,4,regional shift,outside,197.34315934381564,243.52511163645914,150.97627092231934,65,66,0.8412481727836516
mta,ignnk_off_c,2,0,no shift,inside,911.3571053850095,993.2239747634069,615.5834396350751,65,66,0.8412481727836516
mta,ignnk_off_c,2,0,no shift,outside,895.8978504952186,993.2239747634069,623.276234745115,65,66,0.8412481727836516
mta,ignnk_off_c,2,1,no shift,inside,818.3587835730234,946.0744244717755,638.7248195660171,65,66,0.8412481727836516
mta,ignnk_off_c,2,1,no shift,outside,840.2997590786708,946.0744244717755,640.8436092925723,65,66,0.8412481727836516
mta,ignnk_off_c,2,2,no shift,inside,925.0985215247873,1056.5591154997637,665.2195042765269,65,66,0.8412481727836516
mta,ignnk_off_c,2,2,no shift,outside,921.4820286242254,1056.5591154997637,670.7288228025842,65,66,0.8412481727836516
mta,ignnk_off_c,2,3,no shift,inside,868.1984042553191,998.2208556711868,618.1920085298035,65,66,0.8412481727836516
mta,ignnk_off_c,2,3,no shift,outside,888.7080394667718,998.2208556711868,617.7181811885386,65,66,0.8412481727836516
mta,ignnk_off_c,2,4,no shift,inside,893.4747398568802,974.1004465458366,610.5315490128482,65,66,0.8412481727836516
mta,ignnk_off_c,2,4,no shift,outside,889.2231039095326,974.1004465458366,603.9017391276316,65,66,0.8412481727836516
mta,ignnk_off_c,2,0,regional shift,inside,228.08541258226276,248.30599369085172,153.8801707664139,65,66,0.8412481727836516
mta,ignnk_off_c,2,0,regional shift,outside,224.2164610918453,248.30599369085172,155.82280772812058,65,66,0.8412481727836516
mta,ignnk_off_c,2,1,regional shift,inside,204.69039126116365,236.51860611794388,159.65467919311348,65,66,0.8412481727836516
mta,ignnk_off_c,2,1,regional shift,outside,210.17789310809036,236.51860611794388,160.21150760772235,65,66,0.8412481727836516
mta,ignnk_off_c,2,2,regional shift,inside,231.33354342949139,264.13977887494093,166.2781780814861,65,66,0.8412481727836516
mta,ignnk_off_c,2,2,regional shift,outside,230.5998792348821,264.13977887494093,167.68460021856967,65,66,0.8412481727836516
mta,ignnk_off_c,2,3,regional shift,inside,217.08929603362228,249.5552139177967,154.531490233714,65,66,0.8412481727836516
mta,ignnk_off_c,2,3,regional shift,outside,222.22287521342264,249.5552139177967,154.42793466022005,65,66,0.8412481727836516
mta,ignnk_off_c,2,4,regional shift,inside,223.63641008649554,243.52511163645914,152.6169901479139,65,66,0.8412481727836516
mta,ignnk_off_c,2,4,regional shift,outside,222.5829718068868,243.52511163645914,150.97627092231934,65,66,0.8412481727836516
