dataset,model,train_seed,placement_seed,shift,coverage,MAE,snaive7,common_mode,n_target,n_observed,realised_shift,model_score_policy,n_scored,n_all_valid,MAE_all_valid,previous_MAE,replay_MAE_difference,prediction_file,prediction_sha256
mta,spin,0,0,no shift,inside,651.3717386303889,993.22397476340689,615.58343963507525,65,66,0.8412481727836516,target_and_lag7_valid,19020,19032,651.32905107187889,719.7586104981084,-68.429559426229503,results_mta/coverage_matched_predictions/spin_ts0_p0_no_shift_inside.npz,7fd3bf4783ecd63e089c30d8f124de566d4a22030124e3ea61c6224ba20be998
mta,spin,0,0,no shift,outside,678.5441040680862,993.22397476340689,623.27623474511495,65,66,0.8412481727836516,target_and_lag7_valid,19020,19032,678.47208238098995,754.80777769020597,-76.335695309216021,results_mta/coverage_matched_predictions/spin_ts0_p0_no_shift_outside.npz,d43dadbc590c5b0dd39e45f34a96a87ab589775974b6488e5351578e1d17d494
mta,spin,0,1,no shift,inside,604.77894887259538,946.07442447177561,638.72481956601712,65,66,0.8412481727836516,target_and_lag7_valid,19026,19035,604.84272885474127,685.43782505910167,-80.595096204360402,results_mta/coverage_matched_predictions/spin_ts0_p1_no_shift_inside.npz,7b8d8be13c6c4ab34bed54dbfccdea5d98f568729ff903846bd10d9ea2eb260e
mta,spin,0,1,no shift,outside,630.90552648349626,946.07442447177561,640.8436092925723,65,66,0.8412481727836516,target_and_lag7_valid,19026,19035,630.93468200026268,725.81231941161025,-94.87763741134755,results_mta/coverage_matched_predictions/spin_ts0_p1_no_shift_outside.npz,d7264d9477d401913ddbcedefe46e8b9e7bdedd051d85890fc040161d9f2bd97
mta,spin,0,2,no shift,inside,679.27470094280159,1056.5591154997635,665.21950427652689,65,66,0.8412481727836516,target_and_lag7_valid,19039,19042,679.23074322550156,781.34360886461502,-102.11286563911348,results_mta/coverage_matched_predictions/spin_ts0_p2_no_shift_inside.npz,03975915db186bf71eb02441a72c1b5538acd7ba357bf1ec6bccdb121cde65f8
mta,spin,0,2,no shift,outside,739.41231977782434,1056.5591154997635,670.7288228025842,65,66,0.8412481727836516,target_and_lag7_valid,19039,19042,739.36410139428619,835.68145415397532,-96.317352759689129,results_mta/coverage_matched_predictions/spin_ts0_p2_no_shift_outside.npz,801a134749d3949fc8403162c4fa9c75ce08f04f17ad0cffef5fd68d03647d7e
mta,spin,0,3,no shift,inside,635.86955022075051,998.22085567118688,618.1920085298035,65,66,0.8412481727836516,target_and_lag7_valid,19026,19035,635.91581297609662,730.7508142894668,-94.835001313370171,results_mta/coverage_matched_predictions/spin_ts0_p3_no_shift_inside.npz,dc9e3c8da61a2a79e4375b3ddfd93be87a9d9ca24db007a029700e20a74dca8c
mta,spin,0,3,no shift,outside,649.20103575370547,998.22085567118688,617.71818118853855,65,66,0.8412481727836516,target_and_lag7_valid,19026,19035,649.23538711583922,724.48294588915155,-75.247558773312335,results_mta/coverage_matched_predictions/spin_ts0_p3_no_shift_outside.npz,3860be034fdeff8c63c23fb8d7cc1bf5bae7f5d25394966e6024b4b7ab994c65
mta,spin,0,4,no shift,inside,646.73851129498291,974.10044654583646,610.53154901284825,65,66,0.8412481727836516,target_and_lag7_valid,19035,19040,646.66035320378148,716.70304621848732,-70.042693014705947,results_mta/coverage_matched_predictions/spin_ts0_p4_no_shift_inside.npz,6951baa2ba8529b2685a038c95839c0a19a3574521764a74b8baa62df4ffb03e
mta,spin,0,4,no shift,outside,652.33772655634357,974.10044654583646,603.90173912763157,65,66,0.8412481727836516,target_and_lag7_valid,19035,19040,652.22635733981087,717.41658350840339,-65.190226168592517,results_mta/coverage_matched_predictions/spin_ts0_p4_no_shift_outside.npz,fea1c9302a34011caa1ee2bbf2b9128bd85c0329eb980470b1b268973b79ecfd
mta,spin,0,0,regional shift,inside,173.03879099303364,248.30599369085169,153.8801707664139,65,66,0.8412481727836516,target_and_lag7_valid,19020,19032,173.10283256489072,207.71415248003359,-34.611319915142872,results_mta/coverage_matched_predictions/spin_ts0_p0_regional_shift_inside.npz,5c069aee230490fc9b1144fdfeb94acbb0aa01dfdabb3b81514055d9a9e62e96
mta,spin,0,0,regional shift,outside,469.3680426853312,248.30599369085169,155.82280772812058,65,66,0.8412481727836516,target_and_lag7_valid,19020,19032,469.33254108212486,498.46327895124,-29.130737869115137,results_mta/coverage_matched_predictions/spin_ts0_p0_regional_shift_outside.npz,871ed9f46e529dfb970b1625f4e7814940976e5fc45d3b8f50b0f5542041921b
mta,spin,0,1,regional shift,inside,161.09301970822821,236.51860611794388,159.65467919311348,65,66,0.8412481727836516,target_and_lag7_valid,19026,19035,161.18265304866037,197.55355266614129,-36.370899617480923,results_mta/coverage_matched_predictions/spin_ts0_p1_regional_shift_inside.npz,621990f0804690f024f3a5d953219e4ed8af982c87d07b6a1faec68e1d86ef8c
mta,spin,0,1,regional shift,outside,439.46851142844002,236.51860611794388,160.21150760772235,65,66,0.8412481727836516,target_and_lag7_valid,19026,19035,439.50079828276859,481.70717756763855,-42.206379284869968,results_mta/coverage_matched_predictions/spin_ts0_p1_regional_shift_outside.npz,cc2550434612a7b5d419aeaa0911fe8044459289243f4fe7b50908a4c304d475
mta,spin,0,2,regional shift,inside,180.99817069567729,264.13977887494093,166.27817808148609,65,66,0.8412481727836516,target_and_lag7_valid,19039,19042,181.00066711086021,215.36857998109443,-34.367912870234221,results_mta/coverage_matched_predictions/spin_ts0_p2_regional_shift_inside.npz,79a3c51243c13db6d6c8ce4b6d4c088fb0ebd145968581b8dd948cc562131648
mta,spin,0,2,regional shift,outside,519.89505751352488,264.13977887494093,167.68460021856967,65,66,0.8412481727836516,target_and_lag7_valid,19039,19042,519.88157428316356,566.6209825648566,-46.739408281693045,results_mta/coverage_matched_predictions/spin_ts0_p2_regional_shift_outside.npz,efe99ed097c6f96d8910432ad3f2f1c997be01d4582e8ba978ce468303262018
mta,spin,0,3,regional shift,inside,169.6712504434721,249.55521391779669,154.53149023371401,65,66,0.8412481727836516,target_and_lag7_valid,19026,19035,169.74419203112686,193.978482072498,-24.234290041371136,results_mta/coverage_matched_predictions/spin_ts0_p3_regional_shift_inside.npz,58385c64aaf687bab07325c0d2d395772cd518320260be0104c5287e9086549f
mta,spin,0,3,regional shift,outside,473.29936254993169,249.55521391779669,154.42793466022005,65,66,0.8412481727836516,target_and_lag7_valid,19026,19035,473.28873867218277,527.47228132387693,-54.183542651694211,results_mta/coverage_matched_predictions/spin_ts0_p3_regional_shift_outside.npz,1c1cb8273799e87bd288319ce5e7c8db334df3b5707d201870e6e353810ca77e
mta,spin,0,4,regional shift,inside,169.30317219923825,243.52511163645917,152.6169901479139,65,66,0.8412481727836516,target_and_lag7_valid,19035,19040,169.28965910582983,212.31075695903365,-43.021097853203834,results_mta/coverage_matched_predictions/spin_ts0_p4_regional_shift_inside.npz,98a2d8f28c328375a1bd44235a61fb4b6be15dfe410a271d3ff440833498dea6
mta,spin,0,4,regional shift,outside,415.46107006829527,243.52511163645917,150.97627092231934,65,66,0.8412481727836516,target_and_lag7_valid,19035,19040,415.40494518119755,460.84603466386562,-45.441089482668126,results_mta/coverage_matched_predictions/spin_ts0_p4_regional_shift_outside.npz,42b6f83851d81a64d5f2c78b979abf3255e0260e9f232aba975a0064408be9b8
mta,spin,1,0,no shift,inside,558.68520718322816,993.22397476340689,615.58343963507525,65,66,0.8412481727836516,target_and_lag7_valid,19020,19032,558.64748926150696,567.12983396385039,-8.4823447023434255,results_mta/coverage_matched_predictions/spin_ts1_p0_no_shift_inside.npz,bb7cf510daf6fffef9b81dfebbca93a54c0cae0410d06bdb34993ab62761359f
mta,spin,1,0,no shift,outside,577.15035899710836,993.22397476340689,623.27623474511495,65,66,0.8412481727836516,target_and_lag7_valid,19020,19032,577.08493836039293,584.94384457755359,-7.8589062171605519,results_mta/coverage_matched_predictions/spin_ts1_p0_no_shift_outside.npz,22c35197241ca157b806a845897afc1003e6f24cdaa0977379a871c94acfb1c7
mta,spin,1,1,no shift,inside,541.98169199385052,946.07442447177561,638.72481956601712,65,66,0.8412481727836516,target_and_lag7_valid,19026,19035,542.01065061071711,550.03240740740739,-8.0217567966902834,results_mta/coverage_matched_predictions/spin_ts1_p1_no_shift_inside.npz,61724974bf227ec1a15194b043bccf34a99a26930107b1f554562edadc7c693f
mta,spin,1,1,no shift,outside,558.75731564700936,946.07442447177561,640.8436092925723,65,66,0.8412481727836516,target_and_lag7_valid,19026,19035,558.7605644208038,565.41987785658,-6.6593134357761983,results_mta/coverage_matched_predictions/spin_ts1_p1_no_shift_outside.npz,01647ff3c9ce3c08cf5afeeb9e3fa7ff43427a9e088fe0e1b928d5e0ce385c89
mta,spin,1,2,no shift,inside,616.8536507300804,1056.5591154997635,665.21950427652689,65,66,0.8412481727836516,target_and_lag7_valid,19039,19042,616.82549266095998,622.36704390295131,-5.5415512419914412,results_mta/coverage_matched_predictions/spin_ts1_p2_no_shift_inside.npz,06d8560830bb2e7163e6d93974c24243008689049be51857c38210236ed8edb8
mta,spin,1,2,no shift,outside,651.70596128341822,1056.5591154997635,670.7288228025842,65,66,0.8412481727836516,target_and_lag7_valid,19039,19042,651.67836312493432,656.65826856422643,-4.9799054392921116,results_mta/coverage_matched_predictions/spin_ts1_p2_no_shift_outside.npz,57ef7417f989b8051cc6bed84157459cb63d238787574bf4a12bd5f8beeb854c
mta,spin,1,3,no shift,inside,562.05834450226007,998.22085567118688,618.1920085298035,65,66,0.8412481727836516,target_and_lag7_valid,19026,19035,562.06828211189918,571.58907932755449,-9.5207972156553069,results_mta/coverage_matched_predictions/spin_ts1_p3_no_shift_inside.npz,e6823c0f19d3de586a1d25d91619351bf9444054f46c6d7cc8e4999fb6333cb3
mta,spin,1,3,no shift,outside,559.77558423341748,998.22085567118688,617.71818118853855,65,66,0.8412481727836516,target_and_lag7_valid,19026,19035,559.79374261229316,567.25003283425269,-7.4562902219595344,results_mta/coverage_matched_predictions/spin_ts1_p3_no_shift_outside.npz,577e68287a51cd506c64fd5baa6dc6a641cf4a0c1bfea94f696ea81a85d333db
mta,spin,1,4,no shift,inside,571.4117817507223,974.10044654583646,610.53154901284825,65,66,0.8412481727836516,target_and_lag7_valid,19035,19040,571.36056903230042,578.47541360294122,-7.1148445706407983,results_mta/coverage_matched_predictions/spin_ts1_p4_no_shift_inside.npz,320109ffe5cf3f9a54abd9aeddbe58ceeb2bd3dc107960276859a28e99771781
mta,spin,1,4,no shift,outside,559.92485717100078,974.10044654583646,603.90173912763157,65,66,0.8412481727836516,target_and_lag7_valid,19035,19040,559.84648437500005,569.42318146008404,-9.5766970850839925,results_mta/coverage_matched_predictions/spin_ts1_p4_no_shift_outside.npz,80b03f8c4a3488757861f52f0b5c43189cf5b0d1afdfb3bbaee69cb9de50d9b6
mta,spin,1,0,regional shift,inside,275.75992787197686,248.30599369085169,153.8801707664139,65,66,0.8412481727836516,target_and_lag7_valid,19020,19032,275.80587218237707,269.2818246899958,6.5240474923812712,results_mta/coverage_matched_predictions/spin_ts1_p0_regional_shift_inside.npz,0d8de995cac9934e0e6bd8b408310c15a5bc8d00a985f52c304f8426a7d70652
mta,spin,1,0,regional shift,outside,661.46388998422708,248.30599369085169,155.82280772812058,65,66,0.8412481727836516,target_and_lag7_valid,19020,19032,661.29279305905845,605.76950662042873,55.523286438629725,results_mta/coverage_matched_predictions/spin_ts1_p0_regional_shift_outside.npz,951aabe79e6773adb12f3fc7ef28af937e930a486885af7cf854b113a274c9d7
mta,spin,1,1,regional shift,inside,260.74258169741404,236.51860611794388,159.65467919311348,65,66,0.8412481727836516,target_and_lag7_valid,19026,19035,260.83183362884159,254.37752495403203,6.4543086748095684,results_mta/coverage_matched_predictions/spin_ts1_p1_regional_shift_inside.npz,f51a0d242b4d1bb29f27a95c75a0e17edd60c8958768f27d891e9d540c874430
mta,spin,1,1,regional shift,outside,610.0370849429728,236.51860611794388,160.21150760772235,65,66,0.8412481727836516,target_and_lag7_valid,19026,19035,609.94754481875498,562.77403467297086,47.173510145784121,results_mta/coverage_matched_predictions/spin_ts1_p1_regional_shift_outside.npz,8dfe092b78fc569f0bc94e8add179b833b1879a8b36f5596aa1c3a5d69f69d25
mta,spin,1,2,regional shift,inside,313.47128427175795,264.13977887494093,166.27817808148609,65,66,0.8412481727836516,target_and_lag7_valid,19039,19042,313.46530695305114,304.92398382522845,8.5413231278226931,results_mta/coverage_matched_predictions/spin_ts1_p2_regional_shift_inside.npz,1fef7b137b58e06eaa9ce5c9099b0af47ac9412eb441948b7e4f6191704bfefd
mta,spin,1,2,regional shift,outside,721.7698039222123,264.13977887494093,167.68460021856967,65,66,0.8412481727836516,target_and_lag7_valid,19039,19042,721.74225314436512,662.75173957567483,58.99051356869029,results_mta/coverage_matched_predictions/spin_ts1_p2_regional_shift_outside.npz,cdd6c08082371be1f2da8522b96582b3d42190850a67fe1b4afab32683e1c05e
mta,spin,1,3,regional shift,inside,284.97013420779462,249.55521391779669,154.53149023371401,65,66,0.8412481727836516,target_and_lag7_valid,19026,19035,285.04600284016288,277.63528368794329,7.410719152219599,results_mta/coverage_matched_predictions/spin_ts1_p3_regional_shift_inside.npz,e82820d95bab24903ec6cd5a4918509f477dab1476da10ec33b5a570cd1cca8c
mta,spin,1,3,regional shift,outside,689.91125959213707,249.55521391779669,154.42793466022005,65,66,0.8412481727836516,target_and_lag7_valid,19026,19035,689.79307525610716,643.37909114788556,46.413984108221712,results_mta/coverage_matched_predictions/spin_ts1_p3_regional_shift_outside.npz,f6937b881ea0ea21e61b7e4c8487cbc81f94b8b0917612e4f08b8ca397ac5014
mta,spin,1,4,regional shift,inside,286.31743786117681,243.52511163645917,152.6169901479139,65,66,0.8412481727836516,target_and_lag7_valid,19035,19040,286.28173787092965,280.01238839285713,6.2693494780725132,results_mta/coverage_matched_predictions/spin_ts1_p4_regional_shift_inside.npz,d9c9a2c06115c15ed6a7a2996d70fa12ba72bb53b70d6196e450d1b44d50fc07
mta,spin,1,4,regional shift,outside,594.73867957052801,243.52511163645917,150.97627092231934,65,66,0.8412481727836516,target_and_lag7_valid,19035,19040,594.66073316045163,538.00035451680674,56.66037864364489,results_mta/coverage_matched_predictions/spin_ts1_p4_regional_shift_outside.npz,fa2af6ae005ed8aefe5cbde7fe131e169312fad2d4972eeca7e074ce577572ad
mta,spin,2,0,no shift,inside,633.97159651025231,993.22397476340689,615.58343963507525,65,66,0.8412481727836516,target_and_lag7_valid,19020,19032,633.93743514212906,579.14155763976464,54.795877502364419,results_mta/coverage_matched_predictions/spin_ts2_p0_no_shift_inside.npz,78e23ed0a295057605cfe056250cce925d8b0f1ff24452fca2ea0c54fee3de90
mta,spin,2,0,no shift,outside,662.79088459516299,993.22397476340689,623.27623474511495,65,66,0.8412481727836516,target_and_lag7_valid,19020,19032,662.73620087221525,595.16603614964265,67.570164722572599,results_mta/coverage_matched_predictions/spin_ts2_p0_no_shift_outside.npz,38f45ec490ae2e1fbe1af24b2b001954011655e11728f6dd3aab46e8be4ef6a4
mta,spin,2,1,no shift,inside,602.34956276936828,946.07442447177561,638.72481956601712,65,66,0.8412481727836516,target_and_lag7_valid,19026,19035,602.4078621618072,552.14229708431833,50.265565077488873,results_mta/coverage_matched_predictions/spin_ts2_p1_no_shift_inside.npz,cae3a8b3e9005618f6241030feaa10a3c1adc2aa05d3d8a5c34966ad8dd4b194
mta,spin,2,1,no shift,outside,638.79307099495429,946.07442447177561,640.8436092925723,65,66,0.8412481727836516,target_and_lag7_valid,19026,19035,638.82500820856319,567.75147097452077,71.073537234042533,results_mta/coverage_matched_predictions/spin_ts2_p1_no_shift_outside.npz,16f3a9b229402db66ffd39e2e8cd9548943a9116f11b95000d411a10f673d806
mta,spin,2,2,no shift,inside,695.42451678134353,1056.5591154997635,665.21950427652689,65,66,0.8412481727836516,target_and_lag7_valid,19039,19042,695.37646551045054,631.00328221825441,64.373183292196131,results_mta/coverage_matched_predictions/spin_ts2_p2_no_shift_inside.npz,90fbd10314b610993c273109e7dc706cd18226878574527de0602a31dafd3b3d
mta,spin,2,2,no shift,outside,759.80410112138236,1056.5591154997635,670.7288228025842,65,66,0.8412481727836516,target_and_lag7_valid,19039,19042,759.75432924587744,676.94178657704026,82.812542668837295,results_mta/coverage_matched_predictions/spin_ts2_p2_no_shift_outside.npz,3c0657327f9cca4f76fec6d4302b165ceb75ae2b39ecea96583f3d80c510f5f3
mta,spin,2,3,no shift,inside,632.09450143882043,998.22085567118688,618.1920085298035,65,66,0.8412481727836516,target_and_lag7_valid,19026,19035,632.11598289335438,578.71757289204095,53.398410001313437,results_mta/coverage_matched_predictions/spin_ts2_p3_no_shift_inside.npz,9e84c5a2e412ad375004a521e9798b7031cbd933a442ce1abb0cc2b873fd7623
mta,spin,2,3,no shift,outside,623.44576582702621,998.22085567118688,617.71818118853855,65,66,0.8412481727836516,target_and_lag7_valid,19026,19035,623.48542405437365,570.51431573417392,52.971108320199619,results_mta/coverage_matched_predictions/spin_ts2_p3_no_shift_outside.npz,c5e7789792a11e5330d4dfab9ad78b303ed3cf4b98d9a9a1e10f558989a009cb
mta,spin,2,4,no shift,inside,633.2875352968216,974.10044654583646,610.53154901284825,65,66,0.8412481727836516,target_and_lag7_valid,19035,19040,633.23408203124995,584.45277704831938,48.781304982930578,results_mta/coverage_matched_predictions/spin_ts2_p4_no_shift_inside.npz,c663741c580d66fee51f9fbfc7210a267a4d9302f166792bb8ec8f985b6ee079
mta,spin,2,4,no shift,outside,631.5722033425269,974.10044654583646,603.90173912763157,65,66,0.8412481727836516,target_and_lag7_valid,19035,19040,631.4642569918592,570.99843093487391,60.465826056985286,results_mta/coverage_matched_predictions/spin_ts2_p4_no_shift_outside.npz,3f7e9f0bc92702395c062a6ca3cbc179fd504e919867491be8b480774f3a21ee
mta,spin,2,0,regional shift,inside,184.29908361264455,248.30599369085169,153.8801707664139,65,66,0.8412481727836516,target_and_lag7_valid,19020,19032,184.37671134470887,205.8546461223203,-21.477934777611381,results_mta/coverage_matched_predictions/spin_ts2_p0_regional_shift_inside.npz,12fb9781a1106a57c227885a5af83908c28d2e203e892f3c9cc4dd582899e70a
mta,spin,2,0,regional shift,outside,580.34956788906413,248.30599369085169,155.82280772812058,65,66,0.8412481727836516,target_and_lag7_valid,19020,19032,580.16136802490541,674.88443148381668,-94.723063458911284,results_mta/coverage_matched_predictions/spin_ts2_p0_regional_shift_outside.npz,d4475c3f8ec1289283741395e19f18be3033faaf3f297ea1c70e8a01af72d31a
mta,spin,2,1,regional shift,inside,174.23581299931672,236.51860611794388,159.65467919311348,65,66,0.8412481727836516,target_and_lag7_valid,19026,19035,174.34524313764118,197.5705017073812,-23.225258569740021,results_mta/coverage_matched_predictions/spin_ts2_p1_regional_shift_inside.npz,4ecad2f66dab06516834e8b692017e56ee4fdc699f36682a127855482a54b848
mta,spin,2,1,regional shift,outside,547.31719094922732,236.51860611794388,160.21150760772235,65,66,0.8412481727836516,target_and_lag7_valid,19026,19035,547.21698515891774,632.58578276858418,-85.36879760966643,results_mta/coverage_matched_predictions/spin_ts2_p1_regional_shift_outside.npz,574328d48b400dff7bf3a89548e5756a6664551da202b2a8d6da4fe757b541e3
mta,spin,2,2,regional shift,inside,208.30343349506279,264.13977887494093,166.27817808148609,65,66,0.8412481727836516,target_and_lag7_valid,19039,19042,208.31066893249127,224.90672920386515,-16.59606027137383,results_mta/coverage_matched_predictions/spin_ts2_p2_regional_shift_inside.npz,607cf1d1c6d85ae4c94b9ffad275904cc71f02c7f6279961e2ca422bc37ec6f5
mta,spin,2,2,regional shift,outside,633.60389119045112,264.13977887494093,167.68460021856967,65,66,0.8412481727836516,target_and_lag7_valid,19039,19042,633.61021606842769,743.25775916395332,-109.64754309552563,results_mta/coverage_matched_predictions/spin_ts2_p2_regional_shift_outside.npz,c25a68644db0121212779dc801d112ae3a1a66ad8ae32dbed61bfb4682be61e7
mta,spin,2,3,regional shift,inside,194.54432216112161,249.55521391779669,154.53149023371401,65,66,0.8412481727836516,target_and_lag7_valid,19026,19035,194.63761779288157,207.13093971631207,-12.493321923430528,results_mta/coverage_matched_predictions/spin_ts2_p3_regional_shift_inside.npz,f758faba1e534fedde0e80ab467fac9f55b9c9a48f7fb22946dcd94bc1729366
mta,spin,2,3,regional shift,outside,601.4153190042573,249.55521391779669,154.42793466022005,65,66,0.8412481727836516,target_and_lag7_valid,19026,19035,601.28178601917523,692.77063304439196,-91.488847025216742,results_mta/coverage_matched_predictions/spin_ts2_p3_regional_shift_outside.npz,283acf278aa772976c4c37b06a36798c7479698b11126987e2df580e74fb5f12
mta,spin,2,4,regional shift,inside,192.00587609994747,243.52511163645917,152.6169901479139,65,66,0.8412481727836516,target_and_lag7_valid,19035,19040,191.99503389246323,214.29827665441169,-22.303242761948468,results_mta/coverage_matched_predictions/spin_ts2_p4_regional_shift_inside.npz,f33961bb92dde5c8b1d926f7744d1c00c7e8ce09e343fca9e43263390cf04be4
mta,spin,2,4,regional shift,outside,492.6118995436039,243.52511163645917,150.97627092231934,65,66,0.8412481727836516,target_and_lag7_valid,19035,19040,492.57200999540441,591.15944065126052,-98.587430655856124,results_mta/coverage_matched_predictions/spin_ts2_p4_regional_shift_outside.npz,117275f6162c6117a1b2387876637bae24811faaf7d669374eda7ad6eda3e99b
mta,spin_c,0,0,no shift,inside,512.93128286014723,993.22397476340689,615.58343963507525,65,66,0.8412481727836516,target_and_lag7_valid,19020,19032,512.95650417717525,515.80844104665823,-2.8519368694829841,results_mta/coverage_matched_predictions/spin_c_ts0_p0_no_shift_inside.npz,e5464d931afa78259fbd46d654900aeb0a2525c8e1d0e25f7dad32503f46fbf7
mta,spin_c,0,0,no shift,outside,524.72036014721357,993.22397476340689,623.27623474511495,65,66,0.8412481727836516,target_and_lag7_valid,19020,19032,524.73436186422862,532.08935608448928,-7.3549942202606644,results_mta/coverage_matched_predictions/spin_c_ts0_p0_no_shift_outside.npz,b3a85db19dc0ba47cef45a473bfbd062b44f90e7aa3166e5cb32bbfe74ec60a1
mta,spin_c,0,1,no shift,inside,481.36355513507834,946.07442447177561,638.72481956601712,65,66,0.8412481727836516,target_and_lag7_valid,19026,19035,481.45881107170999,487.46893223010238,-6.0101211583923932,results_mta/coverage_matched_predictions/spin_c_ts0_p1_no_shift_inside.npz,d4b120503cd7fa692ff9e265aa63298a9c6dada967913e05c0a9f653de10f1d3
mta,spin_c,0,1,no shift,outside,481.88602767265849,946.07442447177561,640.8436092925723,65,66,0.8412481727836516,target_and_lag7_valid,19026,19035,481.97355200945623,495.11563567113205,-13.142083661675828,results_mta/coverage_matched_predictions/spin_c_ts0_p1_no_shift_outside.npz,ad6b00a638a4565f1017f503b3ecd2963624eacdef4d684e3cf5902af9881694
mta,spin_c,0,2,no shift,inside,555.04984587557124,1056.5591154997635,665.21950427652689,65,66,0.8412481727836516,target_and_lag7_valid,19039,19042,555.00190450714206,562.5531062913559,-7.551201784213843,results_mta/coverage_matched_predictions/spin_c_ts0_p2_no_shift_inside.npz,ed7d21d0c806292c3cb9ea557faf243d4130b60627968400542d49a11329fff8
mta,spin_c,0,2,no shift,outside,565.06127718104938,1056.5591154997635,670.7288228025842,65,66,0.8412481727836516,target_and_lag7_valid,19039,19042,565.0138591665791,580.51744170780375,-15.50358254122466,results_mta/coverage_matched_predictions/spin_c_ts0_p2_no_shift_outside.npz,8b97c209855eba98ab06c1ecebe9ac8a25e2619c51e2495a9f237b712ead2c71
mta,spin_c,0,3,no shift,inside,521.62944457584354,998.22085567118688,618.1920085298035,65,66,0.8412481727836516,target_and_lag7_valid,19026,19035,521.72425794588912,518.16557656947725,3.5586813764118688,results_mta/coverage_matched_predictions/spin_c_ts0_p3_no_shift_inside.npz,617f6f86042394a76cf3dc065fe6716fc4ae28598e0e1f53c2bcb86d8ffff7db
mta,spin_c,0,3,no shift,outside,521.9382070916115,998.22085567118688,617.71818118853855,65,66,0.8412481727836516,target_and_lag7_valid,19026,19035,522.0279953047019,523.86944444444441,-1.8414491397425079,results_mta/coverage_matched_predictions/spin_c_ts0_p3_no_shift_outside.npz,185566c1e6b31f293147f97bfceb216d815fb9d102ec9f00cb754f7df872965e
mta,spin_c,0,4,no shift,inside,508.76069575781457,974.10044654583646,610.53154901284825,65,66,0.8412481727836516,target_and_lag7_valid,19035,19040,508.73245305934881,514.17972689075634,-5.4472738314075855,results_mta/coverage_matched_predictions/spin_c_ts0_p4_no_shift_inside.npz,325b1e4b50a24ca8ad9c5c5aa94f5c5c5e20dab96b784dc371263e3f687577b8
mta,spin_c,0,4,no shift,outside,497.62007322038352,974.10044654583646,603.90173912763157,65,66,0.8412481727836516,target_and_lag7_valid,19035,19040,497.5439978335084,509.01565126050417,-11.471653426995829,results_mta/coverage_matched_predictions/spin_c_ts0_p4_no_shift_outside.npz,a51b98deab3266b0001446ff0c68a18de4dc153e9a572bc4b5aa779850e643a0
mta,spin_c,0,0,regional shift,inside,128.33998833464773,248.30599369085169,153.8801707664139,65,66,0.8412481727836516,target_and_lag7_valid,19020,19032,128.44674224661097,129.12504761717108,-0.67830537056011053,results_mta/coverage_matched_predictions/spin_c_ts0_p0_regional_shift_inside.npz,f35673dce321fdf12457d51abd0336f0eec582e61d6c8550675a88fc6075b061
mta,spin_c,0,0,regional shift,outside,131.30195148199263,248.30599369085169,155.82280772812058,65,66,0.8412481727836516,target_and_lag7_valid,19020,19032,131.43684772685478,133.22498456546867,-1.7881368386138945,results_mta/coverage_matched_predictions/spin_c_ts0_p0_regional_shift_outside.npz,1401439e6c6eb705acf0579226683a336e6809d2bdd388c0e7db54d9b957451a
mta,spin_c,0,1,regional shift,inside,120.38468042087143,236.51860611794388,159.65467919311348,65,66,0.8412481727836516,target_and_lag7_valid,19026,19035,120.52681121946416,122.03387509850276,-1.5070638790386113,results_mta/coverage_matched_predictions/spin_c_ts0_p1_regional_shift_inside.npz,4eb660d17d018ee65cba6e28b8a23881e6645bb31ba5c8c2787dd80510731192
mta,spin_c,0,1,regional shift,outside,120.55396808971932,236.51860611794388,160.21150760772235,65,66,0.8412481727836516,target_and_lag7_valid,19026,19035,120.69954073089046,123.96908490937746,-3.2695441784869961,results_mta/coverage_matched_predictions/spin_c_ts0_p1_regional_shift_outside.npz,04c1f61c1f1575a8d9d960e6c222b08a00753b8420a8dc493620a780903851b6
mta,spin_c,0,2,regional shift,inside,138.89839790200378,264.13977887494093,166.27817808148609,65,66,0.8412481727836516,target_and_lag7_valid,19039,19042,138.91013881321553,140.61742464026889,-1.7072858270533686,results_mta/coverage_matched_predictions/spin_c_ts0_p2_regional_shift_inside.npz,1b85598427c89b607e5998631348ff7a4e6b722afd24020c1b52063cda9a56b1
mta,spin_c,0,2,regional shift,outside,141.45794077288724,264.13977887494093,167.68460021856967,65,66,0.8412481727836516,target_and_lag7_valid,19039,19042,141.47451070331374,145.27906732486085,-3.8045566215471065,results_mta/coverage_matched_predictions/spin_c_ts0_p2_regional_shift_outside.npz,2a6453df7cee691058a57c57e37124a424c07c02571190c110bb7945e3e03841
mta,spin_c,0,3,regional shift,inside,130.39746473575633,249.55521391779669,154.53149023371401,65,66,0.8412481727836516,target_and_lag7_valid,19026,19035,130.51058945692145,129.67511163645915,0.83547782046230157,results_mta/coverage_matched_predictions/spin_c_ts0_p3_regional_shift_inside.npz,8d3f6b4d0e481df1598760102caf7e64f5f9375e414c31f900c12ccb5b9f2f0b
mta,spin_c,0,3,regional shift,outside,130.50273700298277,249.55521391779669,154.42793466022005,65,66,0.8412481727836516,target_and_lag7_valid,19026,19035,130.64378919588916,131.11523837667454,-0.47144918078538461,results_mta/coverage_matched_predictions/spin_c_ts0_p3_regional_shift_outside.npz,924abb55aa7b32bef5ae32dceb9440b0bdfd38d084cbcd08b25ed88ded8c00eb
mta,spin_c,0,4,regional shift,inside,127.45485085040714,243.52511163645917,152.6169901479139,65,66,0.8412481727836516,target_and_lag7_valid,19035,19040,127.47689814206932,128.70155921743697,-1.224661075367635,results_mta/coverage_matched_predictions/spin_c_ts0_p4_regional_shift_inside.npz,0b311371c022e72cd74dc44df2651baed924362f4f1b5d32054ef17401ef28da
mta,spin_c,0,4,regional shift,outside,124.5990004022196,243.52511163645917,150.97627092231934,65,66,0.8412481727836516,target_and_lag7_valid,19035,19040,124.60637822511818,127.38624934348741,-2.7798711183692286,results_mta/coverage_matched_predictions/spin_c_ts0_p4_regional_shift_outside.npz,6588862219f358dcfdd438d5c5a6ab993f98a4b3abe58c08f80cd9b9c0ed38d5
mta,spin_c,1,0,no shift,inside,490.26763686251314,993.22397476340689,615.58343963507525,65,66,0.8412481727836516,target_and_lag7_valid,19020,19032,490.29943729639552,493.09882697562,-2.7993896792244755,results_mta/coverage_matched_predictions/spin_c_ts1_p0_no_shift_inside.npz,17dc276d1658be9c65f2c1eb8bf3b999aa3184e386013a4b233c938fcd6ab92e
mta,spin_c,1,0,no shift,outside,503.9795544164038,993.22397476340689,623.27623474511495,65,66,0.8412481727836516,target_and_lag7_valid,19020,19032,503.99286563419503,507.13592239386298,-3.1430567596679566,results_mta/coverage_matched_predictions/spin_c_ts1_p0_no_shift_outside.npz,729f178be44a7278c255d86d381e7f13eddae2c6b6be4f3c230a4aadd703d6d2
mta,spin_c,1,1,no shift,inside,465.63787136681378,946.07442447177561,638.72481956601712,65,66,0.8412481727836516,target_and_lag7_valid,19026,19035,465.73413202653006,471.38957184134489,-5.6554398148148266,results_mta/coverage_matched_predictions/spin_c_ts1_p1_no_shift_inside.npz,9317b17a52a7070a21172521a1235d71fd154524906e794ffe93849c0da93de3
mta,spin_c,1,1,no shift,outside,465.32716825002632,946.07442447177561,640.8436092925723,65,66,0.8412481727836516,target_and_lag7_valid,19026,19035,465.39968068689257,469.06514315734177,-3.6654624704491998,results_mta/coverage_matched_predictions/spin_c_ts1_p1_no_shift_outside.npz,33ae3050722703436d4efd345e8ecaf912f3adfeda547a3a0f2c89d7c4b8aae0
mta,spin_c,1,2,no shift,inside,528.54142565917323,1056.5591154997635,665.21950427652689,65,66,0.8412481727836516,target_and_lag7_valid,19039,19042,528.50692465996224,532.24312703497537,-3.7362023750131361,results_mta/coverage_matched_predictions/spin_c_ts1_p2_no_shift_inside.npz,0a4fd640ff482250b949f353fb7aaf805f01eff98e675827c89e49868d279f13
mta,spin_c,1,2,no shift,outside,539.59780664031723,1056.5591154997635,670.7288228025842,65,66,0.8412481727836516,target_and_lag7_valid,19039,19042,539.56103038677657,542.03580900115537,-2.4747786143788062,results_mta/coverage_matched_predictions/spin_c_ts1_p2_no_shift_outside.npz,de3f94578ca9730d07a11237e0472ded5429d43b4d74a697c3dc0648eede91dc
mta,spin_c,1,3,no shift,inside,492.12518970750551,998.22085567118688,618.1920085298035,65,66,0.8412481727836516,target_and_lag7_valid,19026,19035,492.2117505581823,499.65594299973731,-7.4441924415550034,results_mta/coverage_matched_predictions/spin_c_ts1_p3_no_shift_inside.npz,fd7693d38d475b4f8ebf7728e2200aef9f135efe32a6cdd6815855d344cb231e
mta,spin_c,1,3,no shift,outside,496.88878705455687,998.22085567118688,617.71818118853855,65,66,0.8412481727836516,target_and_lag7_valid,19026,19035,496.9868925663252,503.19697924875231,-6.2100866824271179,results_mta/coverage_matched_predictions/spin_c_ts1_p3_no_shift_outside.npz,925364a98c7d66c1f21a575b23a56f382f2f63c01cb76a6f634902e9d6cc4b27
mta,spin_c,1,4,no shift,inside,485.62005187811923,974.10044654583646,610.53154901284825,65,66,0.8412481727836516,target_and_lag7_valid,19035,19040,485.59953059348737,489.40471376050414,-3.8051831670168208,results_mta/coverage_matched_predictions/spin_c_ts1_p4_no_shift_inside.npz,bfbfc1fa9bea6547723142d3b1582bb6a27ca7e4ea64221f74eea10665e83d18
mta,spin_c,1,4,no shift,outside,483.8117021276596,974.10044654583646,603.90173912763157,65,66,0.8412481727836516,target_and_lag7_valid,19035,19040,483.7480928308824,486.45599396008402,-2.707901129201673,results_mta/coverage_matched_predictions/spin_c_ts1_p4_no_shift_outside.npz,0e2c8284a021b22e1af06d1db2265f8c43f0694f4ec69504dbd5eda3a543325f
mta,spin_c,1,0,regional shift,inside,122.68484880224764,248.30599369085169,153.8801707664139,65,66,0.8412481727836516,target_and_lag7_valid,19020,19032,122.78226863801756,123.46387827080706,-0.68160963278950237,results_mta/coverage_matched_predictions/spin_c_ts1_p0_regional_shift_inside.npz,818efff88b753ba7b806494a1840ff98c7212e9418c5e449aef539fc11b93194
mta,spin_c,1,0,regional shift,outside,126.04534371713986,248.30599369085169,155.82280772812058,65,66,0.8412481727836516,target_and_lag7_valid,19020,19032,126.15169393981188,126.92664985287936,-0.77495591306747247,results_mta/coverage_matched_predictions/spin_c_ts1_p0_regional_shift_outside.npz,7fa941e0ba88e06b1a693520464e80968dd35c237348633ea27fd32d622073a9
mta,spin_c,1,1,regional shift,inside,116.42142495795228,236.51860611794388,159.65467919311348,65,66,0.8412481727836516,target_and_lag7_valid,19026,19035,116.54453884292091,117.95829557394272,-1.4137567310217918,results_mta/coverage_matched_predictions/spin_c_ts1_p1_regional_shift_inside.npz,1390ea1c4f8575decb006da9ef1a435464894e3a8638efd16a0ee72551e29b4d
mta,spin_c,1,1,regional shift,outside,116.38326438984812,236.51860611794388,160.21150760772235,65,66,0.8412481727836516,target_and_lag7_valid,19026,19035,116.49862096138692,117.41785198318888,-0.91923102180196281,results_mta/coverage_matched_predictions/spin_c_ts1_p1_regional_shift_outside.npz,d43c10d0024bab921217c30fe9ee4a32a4dc7fd94d13a19ee7c762297d1e60bb
mta,spin_c,1,2,regional shift,inside,132.29431980080361,264.13977887494093,166.27817808148609,65,66,0.8412481727836516,target_and_lag7_valid,19039,19042,132.30242687217728,133.25072865245247,-0.94830178027518741,results_mta/coverage_matched_predictions/spin_c_ts1_p2_regional_shift_inside.npz,1788e31b6bff4b92538d6cd8281b0aab4de4f4dc37792bb81043e88be0411800
mta,spin_c,1,2,regional shift,outside,134.98400630777616,264.13977887494093,167.68460021856967,65,66,0.8412481727836516,target_and_lag7_valid,19039,19042,134.9940753909122,135.63374382942968,-0.63966843851747512,results_mta/coverage_matched_predictions/spin_c_ts1_p2_regional_shift_outside.npz,1d45a1116e1cfb66cee9020972d4ca4133272d5e438c307af117f09d93aa1b01
mta,spin_c,1,3,regional shift,inside,123.05274936271418,249.55521391779669,154.53149023371401,65,66,0.8412481727836516,target_and_lag7_valid,19026,19035,123.15313854412923,125.04232991857106,-1.8891913744418216,results_mta/coverage_matched_predictions/spin_c_ts1_p3_regional_shift_inside.npz,7fe3c3a2c927b4efab0f9812bd23e2d12e71a71cd0c557996b911c0d5066208c
mta,spin_c,1,3,regional shift,outside,124.19330209318828,249.55521391779669,154.42793466022005,65,66,0.8412481727836516,target_and_lag7_valid,19026,19035,124.31268223010244,125.87641187286576,-1.5637296427633205,results_mta/coverage_matched_predictions/spin_c_ts1_p3_regional_shift_outside.npz,44f1f60ce949d57df594fd88e920cf5231e8bde97949efa56fde6e8768925373
mta,spin_c,1,4,regional shift,inside,121.63951273969003,243.52511163645917,152.6169901479139,65,66,0.8412481727836516,target_and_lag7_valid,19035,19040,121.65590738248424,122.60345325630252,-0.94754587381827082,results_mta/coverage_matched_predictions/spin_c_ts1_p4_regional_shift_inside.npz,16ed2c6871791058dcf57eb6eeb884fe204a56fbf0bfda610a4f885eeb77d26d
mta,spin_c,1,4,regional shift,outside,121.02311921296295,243.52511163645917,150.97627092231934,65,66,0.8412481727836516,target_and_lag7_valid,19035,19040,121.02395799139968,121.71240972951681,-0.68845173811712346,results_mta/coverage_matched_predictions/spin_c_ts1_p4_regional_shift_outside.npz,aca0ac888990b6f6cf474ba0dc0e0e71d52110fc2ab2e734512093aa3bf7a247
mta,spin_c,2,0,no shift,inside,497.43377448080969,993.22397476340689,615.58343963507525,65,66,0.8412481727836516,target_and_lag7_valid,19020,19032,497.48205243143127,491.90969813997481,5.5723542914564632,results_mta/coverage_matched_predictions/spin_c_ts2_p0_no_shift_inside.npz,4f7654cc3e9c9bd754f09e1726ec856b775e03fd0c0c10f839c73086bc2589c3
mta,spin_c,2,0,no shift,outside,505.16216975552049,993.22397476340689,623.27623474511495,65,66,0.8412481727836516,target_and_lag7_valid,19020,19032,505.20947778741066,506.11693463640177,-0.90745684899115975,results_mta/coverage_matched_predictions/spin_c_ts2_p0_no_shift_outside.npz,ed20b9cd8f5daed89b2f4c68fc7be183cf02765628bd297e3490001fcb4629d0
mta,spin_c,2,1,no shift,inside,469.19130893251338,946.07442447177561,638.72481956601712,65,66,0.8412481727836516,target_and_lag7_valid,19026,19035,469.2985011163646,462.09837142106647,7.2001296952981306,results_mta/coverage_matched_predictions/spin_c_ts2_p1_no_shift_inside.npz,974fa97963091356eda3360e9154e59df50014ba9b7603d4febf690dcfe5c26a
mta,spin_c,2,1,no shift,outside,468.11656910280664,946.07442447177561,640.8436092925723,65,66,0.8412481727836516,target_and_lag7_valid,19026,19035,468.22237818492249,465.21606251641714,3.0063156685053518,results_mta/coverage_matched_predictions/spin_c_ts2_p1_no_shift_outside.npz,fc07edf31986f05d5815473f49b806dab8eeb6ec16707495ecc729683d73f5ce
mta,spin_c,2,2,no shift,inside,538.61004385734543,1056.5591154997635,665.21950427652689,65,66,0.8412481727836516,target_and_lag7_valid,19039,19042,538.56361103087909,533.30695305115012,5.2566579797289705,results_mta/coverage_matched_predictions/spin_c_ts2_p2_no_shift_inside.npz,e232ddafae950ea52b93de02f917fd62356da471329dd1c4aa435b9fc952cd72
mta,spin_c,2,2,no shift,outside,545.87019243395139,1056.5591154997635,670.7288228025842,65,66,0.8412481727836516,target_and_lag7_valid,19039,19042,545.82741768196615,550.85296318664007,-5.0255455046739135,results_mta/coverage_matched_predictions/spin_c_ts2_p2_no_shift_outside.npz,ff84f046d3be3babbfefdf55526c3c971b8fdd0d291d6bdc5d851e9ba5480e2d
mta,spin_c,2,3,no shift,inside,501.65654072059289,998.22085567118688,618.1920085298035,65,66,0.8412481727836516,target_and_lag7_valid,19026,19035,501.76098141581298,495.22362752823744,6.5373538875755344,results_mta/coverage_matched_predictions/spin_c_ts2_p3_no_shift_inside.npz,1ec079f458595734dc07cdac053e9e7e88d99603c3e110f5039c760e7e7e1d3b
mta,spin_c,2,3,no shift,outside,499.85989895406288,998.22085567118688,617.71818118853855,65,66,0.8412481727836516,target_and_lag7_valid,19026,19035,499.98056376411881,493.73587470449166,6.244689059627035,results_mta/coverage_matched_predictions/spin_c_ts2_p3_no_shift_outside.npz,5a2f66f09c3514f06022f4a134777a0981609c83fb14c23217f5eed8d6c0722b
mta,spin_c,2,4,no shift,inside,490.19428437746257,974.10044654583646,610.53154901284825,65,66,0.8412481727836516,target_and_lag7_valid,19035,19040,490.15376592043066,484.57373949579829,5.580026424632365,results_mta/coverage_matched_predictions/spin_c_ts2_p4_no_shift_inside.npz,1fe10b7fdcc2d27f1eb6e3711b910dcfd0d4092fe3bb5038e6cbfc62318923ff
mta,spin_c,2,4,no shift,outside,485.10363967691097,974.10044654583646,603.90173912763157,65,66,0.8412481727836516,target_and_lag7_valid,19035,19040,485.037823332458,477.75242909663865,7.2853942358193535,results_mta/coverage_matched_predictions/spin_c_ts2_p4_no_shift_outside.npz,4a1a6c31f6e955450bd1a27a8e70d297f809618a4ec2538d9e107930eff1c873
mta,spin_c,2,0,regional shift,inside,124.44898564833072,248.30599369085169,153.8801707664139,65,66,0.8412481727836516,target_and_lag7_valid,19020,19032,124.56637074236812,123.23709903058008,1.3292717117880386,results_mta/coverage_matched_predictions/spin_c_ts2_p0_regional_shift_inside.npz,f38cdce4f9fd583d6b7f8b3b0c8ed2ab912a39b0eac1a2453e9a52060591e36e
mta,spin_c,2,0,regional shift,outside,126.4129050013144,248.30599369085169,155.82280772812058,65,66,0.8412481727836516,target_and_lag7_valid,19020,19032,126.5399512170292,126.77607614806639,-0.2361249310371818,results_mta/coverage_matched_predictions/spin_c_ts2_p0_regional_shift_outside.npz,040bb2729067f2f76e488c2c7c3558484e25b37e1c93943529e0cdae9d3c8ef0
mta,spin_c,2,1,regional shift,inside,117.25164269453644,236.51860611794388,159.65467919311348,65,66,0.8412481727836516,target_and_lag7_valid,19026,19035,117.39236911446019,115.66430588389808,1.7280632305621282,results_mta/coverage_matched_predictions/spin_c_ts2_p1_regional_shift_inside.npz,ff0a9000b7077d5939c23c95da51bf0fca692a5fa6900ea8b3cf4b185a373222
mta,spin_c,2,1,regional shift,outside,117.10872169991065,236.51860611794388,160.21150760772235,65,66,0.8412481727836516,target_and_lag7_valid,19026,19035,117.2423184265826,116.5053306409246,0.73698778565801604,results_mta/coverage_matched_predictions/spin_c_ts2_p1_regional_shift_outside.npz,e75245cc2cf951cf64e58cf6d3eb9cb7a8003e53a9fe50abb59f22beecbbdd54
mta,spin_c,2,2,regional shift,inside,134.79591356885865,264.13977887494093,166.27817808148609,65,66,0.8412481727836516,target_and_lag7_valid,19039,19042,134.81014172618421,133.50176419231173,1.3083775338724877,results_mta/coverage_matched_predictions/spin_c_ts2_p2_regional_shift_inside.npz,d1b69ef10405bd6dd252d9270a45b8616ec9daa51fea64b36607bde70e92e45d
mta,spin_c,2,2,regional shift,outside,136.65161764995534,264.13977887494093,167.68460021856967,65,66,0.8412481727836516,target_and_lag7_valid,19039,19042,136.66938830939503,137.9505730753072,-1.2811847659121725,results_mta/coverage_matched_predictions/spin_c_ts2_p2_regional_shift_outside.npz,39df142c321254acf744406c450f0f24a9dc2351665f432cc22840213f4cd123
mta,spin_c,2,3,regional shift,inside,125.39025667179124,249.55521391779669,154.53149023371401,65,66,0.8412481727836516,target_and_lag7_valid,19026,19035,125.5095555883898,123.88927469135804,1.6202808970317619,results_mta/coverage_matched_predictions/spin_c_ts2_p3_regional_shift_inside.npz,111211e68528dff50907312c1b97f0bcdd060514ec669b2f4a8f0d256fa6e541
mta,spin_c,2,3,regional shift,outside,124.97821812913908,249.55521391779669,154.42793466022005,65,66,0.8412481727836516,target_and_lag7_valid,19026,19035,125.11395045311268,123.56909968479115,1.5448507683215382,results_mta/coverage_matched_predictions/spin_c_ts2_p3_regional_shift_outside.npz,918b174128ef950fa8f6cd322b6872af4bb4ae99ea53a95b5f3cd245a102c6d9
mta,spin_c,2,4,regional shift,inside,122.80137534475963,243.52511163645917,152.6169901479139,65,66,0.8412481727836516,target_and_lag7_valid,19035,19040,122.82190413274684,121.40563944327732,1.4162646894695283,results_mta/coverage_matched_predictions/spin_c_ts2_p4_regional_shift_inside.npz,d70c92a6ea304020e97ea1411bdaeab69add326bb67c9b8b830480c20bdf5cf3
mta,spin_c,2,4,regional shift,outside,121.45770414696612,243.52511163645917,150.97627092231934,65,66,0.8412481727836516,target_and_lag7_valid,19035,19040,121.46722771139706,119.64304753151259,1.8241801798844648,results_mta/coverage_matched_predictions/spin_c_ts2_p4_regional_shift_outside.npz,ee7003e10666d4b9d69e207465b1be785eec38a027396a9df456d242aedfdb8a
mta,ignnk_off,0,0,no shift,inside,1060.3085395307571,993.22397476340689,615.58343963507514,65,66,0.8412481727836516,target_and_lag7_valid,19020,19032,1060.0469899379991,1060.0469899379991,0,results_mta/coverage_matched_predictions/ignnk_off_ts0_p0_no_shift_inside.npz,21e7de52da3e954ee35f70a1c5c25921b75b09e0b34a1a3da2a9b6e732f8dc2d
mta,ignnk_off,0,0,no shift,outside,1063.0147077911408,993.22397476340689,623.27623474511495,65,66,0.8412481727836516,target_and_lag7_valid,19020,19032,1062.7458363709804,1062.7458363709804,0,results_mta/coverage_matched_predictions/ignnk_off_ts0_p0_no_shift_outside.npz,303733921724f1396edb33ecd503409ca156a96767fdbc33d9eaaa5cf2a2bc94
mta,ignnk_off,0,1,no shift,inside,960.61432012443504,946.0744244717755,638.72481956601712,65,66,0.8412481727836516,target_and_lag7_valid,19026,19035,960.52431745797219,960.52431745797219,0,results_mta/coverage_matched_predictions/ignnk_off_ts0_p1_no_shift_inside.npz,d8e2aa099d83ae1e4eb384d95e912c9a79020a461a9b11ae9b38523ad0ea033a
mta,ignnk_off,0,1,no shift,outside,963.99047643684958,946.0744244717755,640.8436092925723,65,66,0.8412481727836516,target_and_lag7_valid,19026,19035,963.88893526727077,963.88893526727077,0,results_mta/coverage_matched_predictions/ignnk_off_ts0_p1_no_shift_outside.npz,ee1c71a5a05891926b1dd3e503436f53543dcc3576bed26fed8b0a3e802b1c39
mta,ignnk_off,0,2,no shift,inside,1116.8399124822731,1056.5591154997637,665.21950427652689,65,66,0.8412481727836516,target_and_lag7_valid,19039,19042,1116.7396269594842,1116.7396269594842,0,results_mta/coverage_matched_predictions/ignnk_off_ts0_p2_no_shift_inside.npz,9e258756aecb485ddcd9f268e37c40dd48e3de874d1e9ad9f9f44410894f0b2a
mta,ignnk_off,0,2,no shift,outside,1101.240370916277,1056.5591154997637,670.7288228025842,65,66,0.8412481727836516,target_and_lag7_valid,19039,19042,1101.154697921043,1101.154697921043,0,results_mta/coverage_matched_predictions/ignnk_off_ts0_p2_no_shift_outside.npz,99fc32837069f75b1ca8b30b82f67644ac8da4cb7542db5d7274d34cd6ee185e
mta,ignnk_off,0,3,no shift,inside,1041.2273940101702,998.22085567118677,618.1920085298035,65,66,0.8412481727836516,target_and_lag7_valid,19026,19035,1041.0594156323878,1041.0594156323878,0,results_mta/coverage_matched_predictions/ignnk_off_ts0_p3_no_shift_inside.npz,a1117363840266c198cb9432e62a843eb7b98464a4e424dfbf8ff99bc0560efd
mta,ignnk_off,0,3,no shift,outside,1058.7900077525492,998.22085567118677,617.71818118853855,65,66,0.8412481727836516,target_and_lag7_valid,19026,19035,1058.6145870271869,1058.6145870271869,0,results_mta/coverage_matched_predictions/ignnk_off_ts0_p3_no_shift_outside.npz,8f0927a1345a0cdc1f9b47a57d2eb281c466677cba10039713d571bd7f58c6a8
mta,ignnk_off,0,4,no shift,inside,1034.8508746224061,974.10044654583658,610.53154901284825,65,66,0.8412481727836516,target_and_lag7_valid,19035,19040,1034.6768222327994,1034.6768222327994,0,results_mta/coverage_matched_predictions/ignnk_off_ts0_p4_no_shift_inside.npz,4be00376930451c88bc8c219b155bf7cb2a8d21ed566d040ff0021835b4dfe07
mta,ignnk_off,0,4,no shift,outside,1037.4992021276596,974.10044654583658,603.90173912763157,65,66,0.8412481727836516,target_and_lag7_valid,19035,19040,1037.3364676339286,1037.3364676339286,0,results_mta/coverage_matched_predictions/ignnk_off_ts0_p4_no_shift_outside.npz,6a98e233c32c0ba6bc304dd9a1033eb7ebc92c06b2e1fa8b083ab8bc466a5e73
mta,ignnk_off,0,0,regional shift,inside,367.36823584138409,248.30599369085172,153.8801707664139,65,66,0.8412481727836516,target_and_lag7_valid,19020,19032,367.30694818677097,367.30694818677097,0,results_mta/coverage_matched_predictions/ignnk_off_ts0_p0_regional_shift_inside.npz,bdff36ffc438b73694efa0aca43ed8c9121979976f4e4fae44d0d07981cdcdc2
mta,ignnk_off,0,0,regional shift,outside,433.9578480300342,248.30599369085172,155.82280772812058,65,66,0.8412481727836516,target_and_lag7_valid,19020,19032,433.96302588239541,433.96302588239541,0,results_mta/coverage_matched_predictions/ignnk_off_ts0_p0_regional_shift_outside.npz,34d42653c046ad64c7cd65e597844028dfa317972801c94eb8436cded22dfe8b
mta,ignnk_off,0,1,regional shift,inside,326.19127300306161,236.51860611794388,159.65467919311348,65,66,0.8412481727836516,target_and_lag7_valid,19026,19035,326.21685176976621,326.21685176976621,0,results_mta/coverage_matched_predictions/ignnk_off_ts0_p1_regional_shift_inside.npz,ea718931d0a9a5e90da3b33000037a76f3590e49646196673cdcc9b8bc08e53c
mta,ignnk_off,0,1,regional shift,outside,382.9762360552665,236.51860611794388,160.21150760772235,65,66,0.8412481727836516,target_and_lag7_valid,19026,19035,383.04960516811138,383.04960516811138,0,results_mta/coverage_matched_predictions/ignnk_off_ts0_p1_regional_shift_outside.npz,fda08faa56fff0c14211b6d29330f33fec6f5af360d1611c16a974beb0cdaee5
mta,ignnk_off,0,2,regional shift,inside,395.0172754978268,264.13977887494093,166.27817808148609,65,66,0.8412481727836516,target_and_lag7_valid,19039,19042,394.99999764090563,394.99999764090558,5.6843418860808015e-14,results_mta/coverage_matched_predictions/ignnk_off_ts0_p2_regional_shift_inside.npz,5c3adfc34c3fd55beef75b0456f8e41ab4f24f07917ec0af9eeb574eb2661dee
mta,ignnk_off,0,2,regional shift,outside,440.05997824367091,264.13977887494093,167.68460021856967,65,66,0.8412481727836516,target_and_lag7_valid,19039,19042,440.05088771695461,440.05088771695461,0,results_mta/coverage_matched_predictions/ignnk_off_ts0_p2_regional_shift_outside.npz,2f056f5095ff2728adeb9fad8e25e6c89e7bdbf9312d9df2d21bfa72f5bcfe84
mta,ignnk_off,0,3,regional shift,inside,367.96535476946019,249.55521391779669,154.53149023371401,65,66,0.8412481727836516,target_and_lag7_valid,19026,19035,367.9543369943525,367.9543369943525,0,results_mta/coverage_matched_predictions/ignnk_off_ts0_p3_regional_shift_inside.npz,85431105621d347d5961a52bbbb8eb10959055447db30bfc90929ededd3d41d2
mta,ignnk_off,0,3,regional shift,outside,448.54205244632345,249.55521391779669,154.42793466022005,65,66,0.8412481727836516,target_and_lag7_valid,19026,19035,448.56916802107958,448.56916802107958,0,results_mta/coverage_matched_predictions/ignnk_off_ts0_p3_regional_shift_outside.npz,58c6e7982647d10817c00c10570a931fa8270293797ec535d7b951d7c785db1e
mta,ignnk_off,0,4,regional shift,inside,362.13650204393224,243.52511163645914,152.6169901479139,65,66,0.8412481727836516,target_and_lag7_valid,19035,19040,362.09322745699842,362.09322745699842,0,results_mta/coverage_matched_predictions/ignnk_off_ts0_p4_regional_shift_inside.npz,dea8cafca7be91c816f087e64bb0d86569d51901444330919c1b58d6359644e8
mta,ignnk_off,0,4,regional shift,outside,408.0619061104544,243.52511163645914,150.97627092231934,65,66,0.8412481727836516,target_and_lag7_valid,19035,19040,408.0198398109244,408.0198398109244,0,results_mta/coverage_matched_predictions/ignnk_off_ts0_p4_regional_shift_outside.npz,d29141092a41ea50bd1e1534a5c3f75754f74c2191055b4d41e58bd69e836065
mta,ignnk_off,1,0,no shift,inside,922.88151986395894,993.22397476340689,615.58343963507514,65,66,0.8412481727836516,target_and_lag7_valid,19020,19032,922.58523760968365,922.58523760968365,0,results_mta/coverage_matched_predictions/ignnk_off_ts1_p0_no_shift_inside.npz,f955db795289f6c5bb270588f0ad297701bc70a9a65643950630ea31304ccb9f
mta,ignnk_off,1,0,no shift,outside,923.27592706690325,993.22397476340689,623.27623474511495,65,66,0.8412481727836516,target_and_lag7_valid,19020,19032,922.93680626707646,922.93680626707635,1.1368683772161603e-13,results_mta/coverage_matched_predictions/ignnk_off_ts1_p0_no_shift_outside.npz,4df668cdc5640bf8c45fdd129e5ef8b68250d3243bbd0a3651347ba8f33e6a71
mta,ignnk_off,1,1,no shift,inside,830.36827523848945,946.0744244717755,638.72481956601712,65,66,0.8412481727836516,target_and_lag7_valid,19026,19035,830.24373563501445,830.24373563501445,0,results_mta/coverage_matched_predictions/ignnk_off_ts1_p1_no_shift_inside.npz,9f8efed2430f17f643dcd19410cf601c016e843671aa6f0a5fc28008ca2f622a
mta,ignnk_off,1,1,no shift,outside,846.67369857366236,946.0744244717755,640.8436092925723,65,66,0.8412481727836516,target_and_lag7_valid,19026,19035,846.51492604084581,846.51492604084581,0,results_mta/coverage_matched_predictions/ignnk_off_ts1_p1_no_shift_outside.npz,f455a285e801e606a0567ffd5545437712b1ef63712f16bfa13e9515729e1930
mta,ignnk_off,1,2,no shift,inside,969.14139480146014,1056.5591154997637,665.21950427652689,65,66,0.8412481727836516,target_and_lag7_valid,19039,19042,969.00809312966078,969.00809312966078,0,results_mta/coverage_matched_predictions/ignnk_off_ts1_p2_no_shift_inside.npz,3d9c08353e640bdc837bd5b99070f8de3d5d71ae9cf5a63986ff8359d63a6b67
mta,ignnk_off,1,2,no shift,outside,947.08676105625295,1056.5591154997637,670.7288228025842,65,66,0.8412481727836516,target_and_lag7_valid,19039,19042,946.95893575714206,946.95893575714194,1.1368683772161603e-13,results_mta/coverage_matched_predictions/ignnk_off_ts1_p2_no_shift_outside.npz,58335b251bf92247ba3e994fd0cd24ab3dde9e0bfe235d3b1ff405a5360252a5
mta,ignnk_off,1,3,no shift,inside,884.00284889756119,998.22085567118677,618.1920085298035,65,66,0.8412481727836516,target_and_lag7_valid,19026,19035,883.85154813501447,883.85154813501447,0,results_mta/coverage_matched_predictions/ignnk_off_ts1_p3_no_shift_inside.npz,61e9f7f87fc1e93fb45e380d73f9c9bee92eb18c4f56a60e6730d16d06722fc8
mta,ignnk_off,1,3,no shift,outside,900.63272955429409,998.22085567118677,617.71818118853855,65,66,0.8412481727836516,target_and_lag7_valid,19026,19035,900.47410608747043,900.47410608747043,0,results_mta/coverage_matched_predictions/ignnk_off_ts1_p3_no_shift_outside.npz,4486db6c8cbbb85cb6e2826924cdffd76693a41749d13fdb5a08e439f9dd3a39
mta,ignnk_off,1,4,no shift,inside,894.68799251379039,974.10044654583658,610.53154901284825,65,66,0.8412481727836516,target_and_lag7_valid,19035,19040,894.50075334821429,894.50075334821429,0,results_mta/coverage_matched_predictions/ignnk_off_ts1_p4_no_shift_inside.npz,b8c690b4c9872ec41e8f5aee6e809befcd0221ca8635a26404d24b3d8b444872
mta,ignnk_off,1,4,no shift,outside,890.04548529025476,974.10044654583658,603.90173912763157,65,66,0.8412481727836516,target_and_lag7_valid,19035,19040,889.85560169380256,889.85560169380256,0,results_mta/coverage_matched_predictions/ignnk_off_ts1_p4_no_shift_outside.npz,2e36b4dde5f1cbf3f53819bfff69d869e2a7b0a32762e1c75a00cbd3260fde78
mta,ignnk_off,1,0,regional shift,inside,395.67944053545608,248.30599369085172,153.8801707664139,65,66,0.8412481727836516,target_and_lag7_valid,19020,19032,395.54912111427467,395.54912111427461,5.6843418860808015e-14,results_mta/coverage_matched_predictions/ignnk_off_ts1_p0_regional_shift_inside.npz,431792f6aed7be6173bfe8a10189851a79b48deb18169877f5391ffebdf369fe
mta,ignnk_off,1,0,regional shift,outside,533.54666377086619,248.30599369085172,155.82280772812058,65,66,0.8412481727836516,target_and_lag7_valid,19020,19032,533.48902331845704,533.48902331845704,0,results_mta/coverage_matched_predictions/ignnk_off_ts1_p0_regional_shift_outside.npz,acabed875265f7d9ff96ed8f57f5e37b8aa5c9e4d30cff2b4a9241919610b19a
mta,ignnk_off,1,1,regional shift,inside,354.20997366679148,236.51860611794388,159.65467919311348,65,66,0.8412481727836516,target_and_lag7_valid,19026,19035,354.19201912184792,354.19201912184792,0,results_mta/coverage_matched_predictions/ignnk_off_ts1_p1_regional_shift_inside.npz,5b65b658f35c7e499bedcd0d425415f1f7a188c0dbb1aabd6a4b672f332aa0a2
mta,ignnk_off,1,1,regional shift,outside,480.64969349097947,236.51860611794388,160.21150760772235,65,66,0.8412481727836516,target_and_lag7_valid,19026,19035,480.67553961042159,480.67553961042159,0,results_mta/coverage_matched_predictions/ignnk_off_ts1_p1_regional_shift_outside.npz,2ec94866cebf1f48cbf6c80e0863f25c7ded5124849a09da27d6c171563d61cc
mta,ignnk_off,1,2,regional shift,inside,442.18108276514653,264.13977887494093,166.27817808148609,65,66,0.8412481727836516,target_and_lag7_valid,19039,19042,442.14083598509217,442.14083598509217,0,results_mta/coverage_matched_predictions/ignnk_off_ts1_p2_regional_shift_inside.npz,c5922b4e55cf38b25c2ee13dbacf8724231bf0ab7cd41f2cff77ded45c9cd374
mta,ignnk_off,1,2,regional shift,outside,547.82115503456725,264.13977887494093,167.68460021856967,65,66,0.8412481727836516,target_and_lag7_valid,19039,19042,547.78790356924821,547.78790356924821,0,results_mta/coverage_matched_predictions/ignnk_off_ts1_p2_regional_shift_outside.npz,b04798accaf48666c453094d66c6c825eeb3b1665a569b859a29b1f8a3276d4e
mta,ignnk_off,1,3,regional shift,inside,412.18269582167164,249.55521391779669,154.53149023371401,65,66,0.8412481727836516,target_and_lag7_valid,19026,19035,412.12320612112558,412.12320612112558,0,results_mta/coverage_matched_predictions/ignnk_off_ts1_p3_regional_shift_inside.npz,286b2cdb2c6dafe14337ad4fa95a1785aa4539d6b7daf5fc1595226f05d9606c
mta,ignnk_off,1,3,regional shift,outside,568.62293621228844,249.55521391779669,154.42793466022005,65,66,0.8412481727836516,target_and_lag7_valid,19026,19035,568.59794252364065,568.59794252364065,0,results_mta/coverage_matched_predictions/ignnk_off_ts1_p3_regional_shift_outside.npz,5110fec5c2cea3158782a292cbcd5991fd2fbc3a37f79086a9e30a8b968b3f2f
mta,ignnk_off,1,4,regional shift,inside,392.43650286478857,243.52511163645914,152.6169901479139,65,66,0.8412481727836516,target_and_lag7_valid,19035,19040,392.36981006269696,392.36981006269696,0,results_mta/coverage_matched_predictions/ignnk_off_ts1_p4_regional_shift_inside.npz,7de01f991b0d279b853d51d0f3dbc6bba128feee916914effc23fa9182476ada
mta,ignnk_off,1,4,regional shift,outside,500.11140374638825,243.52511163645914,150.97627092231934,65,66,0.8412481727836516,target_and_lag7_valid,19035,19040,500.04002757352941,500.04002757352941,0,results_mta/coverage_matched_predictions/ignnk_off_ts1_p4_regional_shift_outside.npz,bb7e6f27c803ae064dedd9415779c68bc7d6ff7669da3aecd3eee610c6f9bbce
mta,ignnk_off,2,0,no shift,inside,941.48497798370136,993.22397476340689,615.58343963507514,65,66,0.8412481727836516,target_and_lag7_valid,19020,19032,941.29975255490751,941.29975255490763,-1.1368683772161603e-13,results_mta/coverage_matched_predictions/ignnk_off_ts2_p0_no_shift_inside.npz,1febdc9db3643a2812730628c106208c17ef18444182383f4d1381c0d7599717
mta,ignnk_off,2,0,no shift,outside,941.71923427641957,993.22397476340689,623.27623474511495,65,66,0.8412481727836516,target_and_lag7_valid,19020,19032,941.47441233843006,941.47441233843006,0,results_mta/coverage_matched_predictions/ignnk_off_ts2_p0_no_shift_outside.npz,3b1b33d134675017ac5af6c0857681caf237e62c4387497885d0aa1cfce8abf6
mta,ignnk_off,2,1,no shift,inside,857.97025739448645,946.0744244717755,638.72481956601712,65,66,0.8412481727836516,target_and_lag7_valid,19026,19035,857.92633512280008,857.92633512280008,0,results_mta/coverage_matched_predictions/ignnk_off_ts2_p1_no_shift_inside.npz,5d7ebf75701b53b99b32ebad1b98953f6fb557e893411e2e1df2972c09d8c143
mta,ignnk_off,2,1,no shift,outside,867.25702410517192,946.0744244717755,640.8436092925723,65,66,0.8412481727836516,target_and_lag7_valid,19026,19035,867.17305087667455,867.17305087667455,0,results_mta/coverage_matched_predictions/ignnk_off_ts2_p1_no_shift_outside.npz,926667d79c0f397b3fcf2a3c7b64d7f6f1719dd406d76cebea71d26334b7aafc
mta,ignnk_off,2,2,no shift,inside,981.7596212872262,1056.5591154997637,665.21950427652689,65,66,0.8412481727836516,target_and_lag7_valid,19039,19042,981.67367201449429,981.6736720144944,-1.1368683772161603e-13,results_mta/coverage_matched_predictions/ignnk_off_ts2_p2_no_shift_inside.npz,27b438f51188c53a6e6e4c03fa178de3d8aad0d10feea3e449db7f00eff69e6d
mta,ignnk_off,2,2,no shift,outside,967.53415645188818,1056.5591154997637,670.7288228025842,65,66,0.8412481727836516,target_and_lag7_valid,19039,19042,967.45432834326755,967.45432834326755,0,results_mta/coverage_matched_predictions/ignnk_off_ts2_p2_no_shift_outside.npz,de3e87bd1a53dbdf252e8d93d36de202037cd23b24bf1f596aea02c514a412c9
mta,ignnk_off,2,3,no shift,inside,921.46360408125724,998.22085567118677,618.1920085298035,65,66,0.8412481727836516,target_and_lag7_valid,19026,19035,921.33223995271862,921.33223995271862,0,results_mta/coverage_matched_predictions/ignnk_off_ts2_p3_no_shift_inside.npz,ba40021d23d1a539f4eddf8f83e40de24dc8fb910f6813dd7ef1f2e68b427d7f
mta,ignnk_off,2,3,no shift,outside,926.493773323347,998.22085567118677,617.71818118853855,65,66,0.8412481727836516,target_and_lag7_valid,19026,19035,926.36631944444446,926.36631944444434,1.1368683772161603e-13,results_mta/coverage_matched_predictions/ignnk_off_ts2_p3_no_shift_outside.npz,dd283a59fa0a682330e093e5c98396384f141bf9db2b26124627786cf1eb1b2a
mta,ignnk_off,2,4,no shift,inside,922.26802559429996,974.10044654583658,610.53154901284825,65,66,0.8412481727836516,target_and_lag7_valid,19035,19040,922.11489832261032,922.11489832261043,-1.1368683772161603e-13,results_mta/coverage_matched_predictions/ignnk_off_ts2_p4_no_shift_inside.npz,07e5ae79fb6aae78375d68fc962f57c98521d0e654fd078cde44a3b0da9ac7de
mta,ignnk_off,2,4,no shift,outside,912.67099586288418,974.10044654583658,603.90173912763157,65,66,0.8412481727836516,target_and_lag7_valid,19035,19040,912.52252248555669,912.52252248555681,-1.1368683772161603e-13,results_mta/coverage_matched_predictions/ignnk_off_ts2_p4_no_shift_outside.npz,c62560f5a3b7c618c41a134908d2c667ab7d0e5598afdd26bc80357bd0144e5c
mta,ignnk_off,2,0,regional shift,inside,345.25619567806916,248.30599369085172,153.8801707664139,65,66,0.8412481727836516,target_and_lag7_valid,19020,19032,345.19736198819749,345.19736198819749,0,results_mta/coverage_matched_predictions/ignnk_off_ts2_p0_regional_shift_inside.npz,f97130bc1b7083f4ad7ce0c51d76948b59e53f53474ec3abad4ea66aa629b084
mta,ignnk_off,2,0,regional shift,outside,464.41356271769848,248.30599369085172,155.82280772812058,65,66,0.8412481727836516,target_and_lag7_valid,19020,19032,464.40583057892627,464.40583057892633,-5.6843418860808015e-14,results_mta/coverage_matched_predictions/ignnk_off_ts2_p0_regional_shift_outside.npz,155d2c6b56eca1f576c8a63b115939d8ef10ab88a13e13611e1f5aca9a7d95df
mta,ignnk_off,2,1,regional shift,inside,316.52770899854147,236.51860611794388,159.65467919311348,65,66,0.8412481727836516,target_and_lag7_valid,19026,19035,316.54509784607302,316.54509784607302,0,results_mta/coverage_matched_predictions/ignnk_off_ts2_p1_regional_shift_inside.npz,9613d3c4566763e3321c30ebabd05e1f5d767c90da118744ac2e9aeb7e1dfb88
mta,ignnk_off,2,1,regional shift,outside,428.7577168250026,236.51860611794388,160.21150760772235,65,66,0.8412481727836516,target_and_lag7_valid,19026,19035,428.80450814289469,428.80450814289469,0,results_mta/coverage_matched_predictions/ignnk_off_ts2_p1_regional_shift_outside.npz,a66f5d1b37fd0ecdb8b4189aaf382d262ccfb09a420cf29cdf44e8290c9e2018
mta,ignnk_off,2,2,regional shift,inside,383.88100761102208,264.13977887494093,166.27817808148609,65,66,0.8412481727836516,target_and_lag7_valid,19039,19042,383.89367643728337,383.89367643728337,0,results_mta/coverage_matched_predictions/ignnk_off_ts2_p2_regional_shift_inside.npz,cf61168ed14a2c9dd2e798c726c18c88397c0489a7c5ff7a1f46ab9c8de85a67
mta,ignnk_off,2,2,regional shift,outside,499.20205308429411,264.13977887494093,167.68460021856967,65,66,0.8412481727836516,target_and_lag7_valid,19039,19042,499.20856599474189,499.20856599474189,0,results_mta/coverage_matched_predictions/ignnk_off_ts2_p2_regional_shift_outside.npz,9b9ecfc8b417de311cccf2b1b3828fbaf7505f4fccd9474fd398c267042f2d60
mta,ignnk_off,2,3,regional shift,inside,337.99496428201866,249.55521391779669,154.53149023371401,65,66,0.8412481727836516,target_and_lag7_valid,19026,19035,337.98768299965525,337.98768299965525,0,results_mta/coverage_matched_predictions/ignnk_off_ts2_p3_regional_shift_inside.npz,ee259fb25e1901cfbb0ef8cf1e927924219803ba8dcdaa3698247b76a205b4de
mta,ignnk_off,2,3,regional shift,outside,476.24029730286844,249.55521391779669,154.42793466022005,65,66,0.8412481727836516,target_and_lag7_valid,19026,19035,476.24120072809956,476.24120072809961,-5.6843418860808015e-14,results_mta/coverage_matched_predictions/ignnk_off_ts2_p3_regional_shift_outside.npz,7d1d7727bae0c9a87554ffeadb87b9cc377c011220b8f333f2d95fc122e28c5f
mta,ignnk_off,2,4,regional shift,inside,340.02258298857367,243.52511163645914,152.6169901479139,65,66,0.8412481727836516,target_and_lag7_valid,19035,19040,340.01816960182509,340.01816960182509,0,results_mta/coverage_matched_predictions/ignnk_off_ts2_p4_regional_shift_inside.npz,f179a1c63a0b614d31b64ebdad288bdfd93922ce849ee0daeaabd0fe0ad9b8ef
mta,ignnk_off,2,4,regional shift,outside,448.33536351622013,243.52511163645914,150.97627092231934,65,66,0.8412481727836516,target_and_lag7_valid,19035,19040,448.30859887900471,448.30859887900471,0,results_mta/coverage_matched_predictions/ignnk_off_ts2_p4_regional_shift_outside.npz,7ac1f69c4c71a5af71fe3eb08747a063938379c91583636957652c8b82b32d88
mta,ignnk_off_c,0,0,no shift,inside,785.27535858635645,993.22397476340689,615.58343963507514,65,66,0.8412481727836516,target_and_lag7_valid,19020,19032,785.12627622228354,785.12627622228354,0,results_mta/coverage_matched_predictions/ignnk_off_c_ts0_p0_no_shift_inside.npz,542cd64457020f828b3a9b9fc6305d209cf8b1ffd18e29288d813cc617fbb606
mta,ignnk_off_c,0,0,no shift,outside,771.410976110673,993.22397476340689,623.27623474511495,65,66,0.8412481727836516,target_and_lag7_valid,19020,19032,771.28173315008928,771.28173315008928,0,results_mta/coverage_matched_predictions/ignnk_off_c_ts0_p0_no_shift_outside.npz,8fc991087478b36ad7a96fe6a53331e1f48a6a913112a2053343d04bfe892884
mta,ignnk_off_c,0,1,no shift,inside,711.37642568064757,946.0744244717755,638.72481956601712,65,66,0.8412481727836516,target_and_lag7_valid,19026,19035,711.38218331363282,711.38218331363282,0,results_mta/coverage_matched_predictions/ignnk_off_c_ts0_p1_no_shift_inside.npz,364813566feb81f5c6836c30346287b24a09fef4025e6e3f3956bf11ea1fa297
mta,ignnk_off_c,0,1,no shift,outside,729.72332063689157,946.0744244717755,640.8436092925723,65,66,0.8412481727836516,target_and_lag7_valid,19026,19035,729.72923931245077,729.72923931245077,0,results_mta/coverage_matched_predictions/ignnk_off_c_ts0_p1_no_shift_outside.npz,fa41fbf8bb670c185341c66a51d4ebd732749bf6c86f1be45b37946d67b7dadf
mta,ignnk_off_c,0,2,no shift,inside,810.0510042708388,1056.5591154997637,665.21950427652689,65,66,0.8412481727836516,target_and_lag7_valid,19039,19042,809.94188012026052,809.94188012026052,0,results_mta/coverage_matched_predictions/ignnk_off_c_ts0_p2_no_shift_inside.npz,007a36469a6fd4e5d0889d116bd432d88fcfed71c5e74431ae3d3bf728042ad6
mta,ignnk_off_c,0,2,no shift,outside,797.40689013341034,1056.5591154997637,670.7288228025842,65,66,0.8412481727836516,target_and_lag7_valid,19039,19042,797.31426911563915,797.31426911563915,0,results_mta/coverage_matched_predictions/ignnk_off_c_ts0_p2_no_shift_outside.npz,5aff0b6c529986ec08ed405d8004c1e89b62c8725e69483d3cf7002d59d5b9e2
mta,ignnk_off_c,0,3,no shift,inside,751.37637681659305,998.22085567118677,618.1920085298035,65,66,0.8412481727836516,target_and_lag7_valid,19026,19035,751.36229191292352,751.36229191292352,0,results_mta/coverage_matched_predictions/ignnk_off_c_ts0_p3_no_shift_inside.npz,4807cc13dfac5ce5948e726debd6bd52a067bab9c26a7c28137aecf3dc755965
mta,ignnk_off_c,0,3,no shift,outside,764.76905533874697,998.22085567118677,617.71818118853855,65,66,0.8412481727836516,target_and_lag7_valid,19026,19035,764.73924473010243,764.73924473010243,0,results_mta/coverage_matched_predictions/ignnk_off_c_ts0_p3_no_shift_outside.npz,0643541c983b7aec2a1158e5670168be89d6ea71f1c01fc867db165c4a93f60a
mta,ignnk_off_c,0,4,no shift,inside,781.2393875591016,974.10044654583658,610.53154901284825,65,66,0.8412481727836516,target_and_lag7_valid,19035,19040,781.06085502560404,781.06085502560404,0,results_mta/coverage_matched_predictions/ignnk_off_c_ts0_p4_no_shift_inside.npz,0f8d94685319a766dbd2b729fa6d70b0d865f47654036b36f432e5718abe61d6
mta,ignnk_off_c,0,4,no shift,outside,766.95652047215651,974.10044654583658,603.90173912763157,65,66,0.8412481727836516,target_and_lag7_valid,19035,19040,766.7944828321954,766.7944828321954,0,results_mta/coverage_matched_predictions/ignnk_off_c_ts0_p4_no_shift_outside.npz,48c81d73c45a94a38b0b1b0ef9245bb5277e17709ee2c298233329981f383a2f
mta,ignnk_off_c,0,0,regional shift,inside,196.41230376330836,248.30599369085172,153.8801707664139,65,66,0.8412481727836516,target_and_lag7_valid,19020,19032,196.48652546943964,196.48652546943964,0,results_mta/coverage_matched_predictions/ignnk_off_c_ts0_p0_regional_shift_inside.npz,d0b8a669bd205a98b9a8df146dcce615bb76a2d37434d9e00c69c5e7ee78fcbe
mta,ignnk_off_c,0,0,regional shift,outside,192.87231542866061,248.30599369085172,155.82280772812058,65,66,0.8412481727836516,target_and_lag7_valid,19020,19032,192.93664863782053,192.93664863782053,0,results_mta/coverage_matched_predictions/ignnk_off_c_ts0_p0_regional_shift_outside.npz,ad7bdddef4f31c6ae3a89fdbf40758c44a24705945174a26c6819dc57194c3cb
mta,ignnk_off_c,0,1,regional shift,inside,177.84256114576763,236.51860611794388,159.65467919311348,65,66,0.8412481727836516,target_and_lag7_valid,19026,19035,177.94450754777384,177.94450754777384,0,results_mta/coverage_matched_predictions/ignnk_off_c_ts0_p1_regional_shift_inside.npz,9414f7b263548f1c7154c3c3f1e4e6aa7b229e2dd9f9e2af7ed8de5bb3923884
mta,ignnk_off_c,0,1,regional shift,outside,182.43269458980475,236.51860611794388,160.21150760772235,65,66,0.8412481727836516,target_and_lag7_valid,19026,19035,182.52700196595089,182.52700196595089,0,results_mta/coverage_matched_predictions/ignnk_off_c_ts0_p1_regional_shift_outside.npz,1e9ca8468274bed3090e0b166fb16f23964cbda8cd5936defa693ee53d2bfa02
mta,ignnk_off_c,0,2,regional shift,inside,202.61511158017754,264.13977887494093,166.27817808148609,65,66,0.8412481727836516,target_and_lag7_valid,19039,19042,202.60819493996823,202.60819493996823,0,results_mta/coverage_matched_predictions/ignnk_off_c_ts0_p2_regional_shift_inside.npz,83c49bb9793e73e75252ee5d0ac5f7ff8e2cd52ab483b67c1e65eba1998473d6
mta,ignnk_off_c,0,2,regional shift,outside,199.48966676952571,264.13977887494093,167.68460021856967,65,66,0.8412481727836516,target_and_lag7_valid,19039,19042,199.48162614221195,199.48162614221195,0,results_mta/coverage_matched_predictions/ignnk_off_c_ts0_p2_regional_shift_outside.npz,cf2559db375f57d33720df387996d936bd147e6af2cd909928394c427c7dbfbb
mta,ignnk_off_c,0,3,regional shift,inside,187.75856024321982,249.55521391779669,154.53149023371401,65,66,0.8412481727836516,target_and_lag7_valid,19026,19035,187.85633085434725,187.85633085434725,0,results_mta/coverage_matched_predictions/ignnk_off_c_ts0_p3_regional_shift_inside.npz,800c1fb95e2aaa54e649c4521a807ec17775534ab5076e3f42af5392ef0fd191
mta,ignnk_off_c,0,3,regional shift,outside,191.10925068409676,249.55521391779669,154.42793466022005,65,66,0.8412481727836516,target_and_lag7_valid,19026,19035,191.20193537398214,191.20193537398211,2.8421709430404007e-14,results_mta/coverage_matched_predictions/ignnk_off_c_ts0_p3_regional_shift_outside.npz,acd7e6d81bebf10e9971eefd441797c92bf4f241c49877303a35c944c7543d45
mta,ignnk_off_c,0,4,regional shift,inside,195.49740311843314,243.52511163645914,152.6169901479139,65,66,0.8412481727836516,target_and_lag7_valid,19035,19040,195.47399399701285,195.47399399701283,2.8421709430404007e-14,results_mta/coverage_matched_predictions/ignnk_off_c_ts0_p4_regional_shift_inside.npz,981780db7a6f067ce71dd556aeddf2bc5a25522e60b4c83a296e8b9e9822f36e
mta,ignnk_off_c,0,4,regional shift,outside,191.87213900791306,243.52511163645914,150.97627092231934,65,66,0.8412481727836516,target_and_lag7_valid,19035,19040,191.84578334263392,191.84578334263392,0,results_mta/coverage_matched_predictions/ignnk_off_c_ts0_p4_regional_shift_outside.npz,48e97af07ce55339865bd5e79e7a6db4e88d6a2d8e5bb4d8fb757354b35fabbb
mta,ignnk_off_c,1,0,no shift,inside,813.10645784043118,993.22397476340689,615.58343963507514,65,66,0.8412481727836516,target_and_lag7_valid,19020,19032,812.93698893639657,812.93698893639657,0,results_mta/coverage_matched_predictions/ignnk_off_c_ts1_p0_no_shift_inside.npz,9174329b6f5618a07f54ab6811eec8a5a5acd6843c703e93955e01236a842189
mta,ignnk_off_c,1,0,no shift,outside,798.10207552904842,993.22397476340689,623.27623474511495,65,66,0.8412481727836516,target_and_lag7_valid,19020,19032,797.93957257842055,797.93957257842055,0,results_mta/coverage_matched_predictions/ignnk_off_c_ts1_p0_no_shift_outside.npz,450678965dcfb86a6e93ead4501a7f895d65404c2f81cde8b2864e06ae3bf0d7
mta,ignnk_off_c,1,1,no shift,inside,732.27042271102698,946.0744244717755,638.72481956601712,65,66,0.8412481727836516,target_and_lag7_valid,19026,19035,732.25447612949824,732.25447612949824,0,results_mta/coverage_matched_predictions/ignnk_off_c_ts1_p1_no_shift_inside.npz,f9414fd6b3d10a108adb946317d7ba58a72e4d76cb97eec069e8e06487569d5b
mta,ignnk_off_c,1,1,no shift,outside,755.19075664551144,946.0744244717755,640.8436092925723,65,66,0.8412481727836516,target_and_lag7_valid,19026,19035,755.16177887772528,755.16177887772528,0,results_mta/coverage_matched_predictions/ignnk_off_c_ts1_p1_no_shift_outside.npz,50a060126facf49b285536b612575285403b3f02c2d5ce6ae8d51ba0a93d539c
mta,ignnk_off_c,1,2,no shift,inside,838.61794170846679,1056.5591154997637,665.21950427652689,65,66,0.8412481727836516,target_and_lag7_valid,19039,19042,838.51530047067013,838.51530047067013,0,results_mta/coverage_matched_predictions/ignnk_off_c_ts1_p2_no_shift_inside.npz,cf95fbf6a3923a3166715fb9c056ca6fe2f1f7cfd9141789160fe530ef7b4d2d
mta,ignnk_off_c,1,2,no shift,outside,833.76933695309629,1056.5591154997637,670.7288228025842,65,66,0.8412481727836516,target_and_lag7_valid,19039,19042,833.66286038756436,833.66286038756436,0,results_mta/coverage_matched_predictions/ignnk_off_c_ts1_p2_no_shift_outside.npz,ac0620e18cd5d7e2d1435427db89543810ee5cecbf198e004073f6f180d76ee6
mta,ignnk_off_c,1,3,no shift,inside,772.06038406325558,998.22085567118677,618.1920085298035,65,66,0.8412481727836516,target_and_lag7_valid,19026,19035,772.01042528565802,772.01042528565802,0,results_mta/coverage_matched_predictions/ignnk_off_c_ts1_p3_no_shift_inside.npz,0f1a7c28508df2fc027ad30349bc5481b859878a16f426611cae2cec54d5bfbc
mta,ignnk_off_c,1,3,no shift,outside,793.20498265531376,998.22085567118677,617.71818118853855,65,66,0.8412481727836516,target_and_lag7_valid,19026,19035,793.13683510638293,793.13683510638293,0,results_mta/coverage_matched_predictions/ignnk_off_c_ts1_p3_no_shift_outside.npz,21d82bee14c69d12a89656242bc0500762886d0cd9ada8260773d7604cf63518
mta,ignnk_off_c,1,4,no shift,inside,802.14467756763861,974.10044654583658,610.53154901284825,65,66,0.8412481727836516,target_and_lag7_valid,19035,19040,801.97353105304626,801.97353105304626,0,results_mta/coverage_matched_predictions/ignnk_off_c_ts1_p4_no_shift_inside.npz,d36e73537279d7bbc1a289bd45e4b767a449c5c5d62d7e2d0d6f0c7202d62da1
mta,ignnk_off_c,1,4,no shift,outside,789.10549481218811,974.10044654583658,603.90173912763157,65,66,0.8412481727836516,target_and_lag7_valid,19035,19040,788.92857635241592,788.92857635241592,0,results_mta/coverage_matched_predictions/ignnk_off_c_ts1_p4_no_shift_outside.npz,b96127420ef61b2860f90876b728e1e5021ce8577fed1b88558629a908877b60
mta,ignnk_off_c,1,0,regional shift,inside,203.25249172335043,248.30599369085172,153.8801707664139,65,66,0.8412481727836516,target_and_lag7_valid,19020,19032,203.33718006186947,203.33718006186947,0,results_mta/coverage_matched_predictions/ignnk_off_c_ts1_p0_regional_shift_inside.npz,c5735f78bb37af5cab7f9b6db245da42794c109a22c7ac3e1249f54a593eb1dd
mta,ignnk_off_c,1,0,regional shift,outside,199.42485757179944,248.30599369085172,155.82280772812058,65,66,0.8412481727836516,target_and_lag7_valid,19020,19032,199.50780069833044,199.50780069833044,0,results_mta/coverage_matched_predictions/ignnk_off_c_ts1_p0_regional_shift_outside.npz,a1f75bce39c25bac0f4fe2e46b4f69e52566e2bb71c617519a52a96d319090f6
mta,ignnk_off_c,1,1,regional shift,inside,182.91914364307394,236.51860611794388,159.65467919311348,65,66,0.8412481727836516,target_and_lag7_valid,19026,19035,183.03755715212108,183.03755715212108,0,results_mta/coverage_matched_predictions/ignnk_off_c_ts1_p1_regional_shift_inside.npz,f9d03b2ee614b47a286bef02c48129ab56a342071438b123386166d4262b006a
mta,ignnk_off_c,1,1,regional shift,outside,188.64742346821455,236.51860611794388,160.21150760772235,65,66,0.8412481727836516,target_and_lag7_valid,19026,19035,188.76113183773313,188.76113183773316,-2.8421709430404007e-14,results_mta/coverage_matched_predictions/ignnk_off_c_ts1_p1_regional_shift_outside.npz,93e58cdc3d7cbefe070e19e522e45ecb51d0f2b419962fb2005395ab0544b044
mta,ignnk_off_c,1,2,regional shift,inside,209.70517578637927,264.13977887494093,166.27817808148609,65,66,0.8412481727836516,target_and_lag7_valid,19039,19042,209.70222187713344,209.70222187713344,0,results_mta/coverage_matched_predictions/ignnk_off_c_ts1_p2_regional_shift_inside.npz,417c092a71fd58ad239d9104955ca2ac4297a1d85f600f660ce82b878e0154fc
mta,ignnk_off_c,1,2,regional shift,outside,208.51938183424485,264.13977887494093,167.68460021856967,65,66,0.8412481727836516,target_and_lag7_valid,19039,19042,208.51569879862606,208.51569879862609,-2.8421709430404007e-14,results_mta/coverage_matched_predictions/ignnk_off_c_ts1_p2_regional_shift_outside.npz,375691f782d1f1a36145d3da188cf513924a8ec3fe2802c730df3238b2e97036
mta,ignnk_off_c,1,3,regional shift,inside,192.91315369018054,249.55521391779669,154.53149023371401,65,66,0.8412481727836516,target_and_lag7_valid,19026,19035,193.02440334006437,193.0244033400644,-2.8421709430404007e-14,results_mta/coverage_matched_predictions/ignnk_off_c_ts1_p3_regional_shift_inside.npz,545146c87590cc555cc2a291184aabb89f81eacc1a219574dabd92b37c6eb9c1
mta,ignnk_off_c,1,3,regional shift,outside,198.1693261646891,249.55521391779669,154.42793466022005,65,66,0.8412481727836516,target_and_lag7_valid,19026,19035,198.27621517517073,198.27621517517076,-2.8421709430404007e-14,results_mta/coverage_matched_predictions/ignnk_off_c_ts1_p3_regional_shift_outside.npz,efbfbefe944e8a5ef0975ed139062fd86b6e58e0b4bd28a71f2032d1af937278
mta,ignnk_off_c,1,4,regional shift,inside,200.66318685152351,243.52511163645914,152.6169901479139,65,66,0.8412481727836516,target_and_lag7_valid,19035,19040,200.64246569721638,200.64246569721641,-2.8421709430404007e-14,results_mta/coverage_matched_predictions/ignnk_off_c_ts1_p4_regional_shift_inside.npz,085a33ec528be4a191fd8c7b4b47bf3b523b3e22a3d94f77e455429b2f357fdf
mta,ignnk_off_c,1,4,regional shift,outside,197.36466110946941,243.52511163645914,150.97627092231934,65,66,0.8412481727836516,target_and_lag7_valid,19035,19040,197.34315934381564,197.34315934381564,0,results_mta/coverage_matched_predictions/ignnk_off_c_ts1_p4_regional_shift_outside.npz,af66874ac6fc5709f5935c295b8c1a967b4feaaca0d631991f6c51bcbbd7f7b9
mta,ignnk_off_c,2,0,no shift,inside,911.464902898265,993.22397476340689,615.58343963507514,65,66,0.8412481727836516,target_and_lag7_valid,19020,19032,911.3571053850095,911.35710538500962,-1.1368683772161603e-13,results_mta/coverage_matched_predictions/ignnk_off_c_ts2_p0_no_shift_inside.npz,c4929c00d684899e1a2a88524ae1cda9c7de5eebb446cc3398cf75b49ff7504f
mta,ignnk_off_c,2,0,no shift,outside,895.97545141627234,993.22397476340689,623.27623474511495,65,66,0.8412481727836516,target_and_lag7_valid,19020,19032,895.89785049521856,895.89785049521856,0,results_mta/coverage_matched_predictions/ignnk_off_c_ts2_p0_no_shift_outside.npz,21d68225d61240e19534b83cf884eeddfffe50f0f176f3b5d5b72174e3cb7654
mta,ignnk_off_c,2,1,no shift,inside,818.31904080271738,946.0744244717755,638.72481956601712,65,66,0.8412481727836516,target_and_lag7_valid,19026,19035,818.3587835730234,818.3587835730234,0,results_mta/coverage_matched_predictions/ignnk_off_c_ts2_p1_no_shift_inside.npz,2558e3d966223536b2d2add2367bc5d6fc9519fcec2642cd5bd1f095881b80c4
mta,ignnk_off_c,2,1,no shift,outside,840.2613270163198,946.0744244717755,640.8436092925723,65,66,0.8412481727836516,target_and_lag7_valid,19026,19035,840.29975907867083,840.29975907867083,0,results_mta/coverage_matched_predictions/ignnk_off_c_ts2_p1_no_shift_outside.npz,e529059fbdab800761d3e0ec904b4c33cd20c1822d1b211bdd4dba3ad333b304
mta,ignnk_off_c,2,2,no shift,inside,925.16786513866271,1056.5591154997637,665.21950427652689,65,66,0.8412481727836516,target_and_lag7_valid,19039,19042,925.09852152478732,925.0985215247872,1.1368683772161603e-13,results_mta/coverage_matched_predictions/ignnk_off_c_ts2_p2_no_shift_inside.npz,bc3e6566a413e1ae31b82a71c1388f0ce0f8e200f167e1716c430111cd485c1e
mta,ignnk_off_c,2,2,no shift,outside,921.53196768803514,1056.5591154997637,670.7288228025842,65,66,0.8412481727836516,target_and_lag7_valid,19039,19042,921.48202862422545,921.48202862422545,0,results_mta/coverage_matched_predictions/ignnk_off_c_ts2_p2_no_shift_outside.npz,a1b7b7f40b5bd1164c8fa4de1b0e35d866f0f54d28b3195414140dda682a712a
mta,ignnk_off_c,2,3,no shift,inside,868.24123690936085,998.22085567118677,618.1920085298035,65,66,0.8412481727836516,target_and_lag7_valid,19026,19035,868.19840425531913,868.19840425531913,0,results_mta/coverage_matched_predictions/ignnk_off_c_ts2_p3_no_shift_inside.npz,92a4195e298f2adf6193149fcea3cb69a1014b5109abf124bf8c0d6e8a3a7dec
mta,ignnk_off_c,2,3,no shift,outside,888.7599477359928,998.22085567118677,617.71818118853855,65,66,0.8412481727836516,target_and_lag7_valid,19026,19035,888.70803946677177,888.70803946677177,0,results_mta/coverage_matched_predictions/ignnk_off_c_ts2_p3_no_shift_outside.npz,838fab161c38dc9ac5271e9c289968e7421554508388666a29f9cc68d6abcb44
mta,ignnk_off_c,2,4,no shift,inside,893.61988975899658,974.10044654583658,610.53154901284825,65,66,0.8412481727836516,target_and_lag7_valid,19035,19040,893.47473985688021,893.47473985688021,0,results_mta/coverage_matched_predictions/ignnk_off_c_ts2_p4_no_shift_inside.npz,791e02d2e37b7070167442f92881dd97ed37ec27f81da7187c3671fd2acef68c
mta,ignnk_off_c,2,4,no shift,outside,889.34919104609924,974.10044654583658,603.90173912763157,65,66,0.8412481727836516,target_and_lag7_valid,19035,19040,889.2231039095326,889.2231039095326,0,results_mta/coverage_matched_predictions/ignnk_off_c_ts2_p4_no_shift_outside.npz,98d6ec68dce28dcbabcd156d67a6989ae78a424200a2c65fe53f8489027a9bf9
mta,ignnk_off_c,2,0,regional shift,inside,227.95612995777472,248.30599369085172,153.8801707664139,65,66,0.8412481727836516,target_and_lag7_valid,19020,19032,228.08541258226276,228.08541258226279,-2.8421709430404007e-14,results_mta/coverage_matched_predictions/ignnk_off_c_ts2_p0_regional_shift_inside.npz,000b3c946b4b3276c2569718bf75049c7846a342588a8e452a53c0bbe87fdbcc
mta,ignnk_off_c,2,0,regional shift,outside,224.09185201843454,248.30599369085172,155.82280772812058,65,66,0.8412481727836516,target_and_lag7_valid,19020,19032,224.2164610918453,224.2164610918453,0,results_mta/coverage_matched_predictions/ignnk_off_c_ts2_p0_regional_shift_outside.npz,cc64992a588d3940b4e809256c4dbbb6f03e82c945da1116de2bb97662846e81
mta,ignnk_off_c,2,1,regional shift,inside,204.53641727110269,236.51860611794388,159.65467919311348,65,66,0.8412481727836516,target_and_lag7_valid,19026,19035,204.69039126116365,204.69039126116363,2.8421709430404007e-14,results_mta/coverage_matched_predictions/ignnk_off_c_ts2_p1_regional_shift_inside.npz,b5edc62bb0dd2c346c37d17f6c366710e8043267f68ce6f026d833f2e41af5db
mta,ignnk_off_c,2,1,regional shift,outside,210.02892156621203,236.51860611794388,160.21150760772235,65,66,0.8412481727836516,target_and_lag7_valid,19026,19035,210.17789310809036,210.17789310809039,-2.8421709430404007e-14,results_mta/coverage_matched_predictions/ignnk_off_c_ts2_p1_regional_shift_outside.npz,5dd9a9ff63d284f2394b56f2814bd8383a2315574fa4c4aef8e8634b54ed6d9e
mta,ignnk_off_c,2,2,regional shift,inside,231.32563063399471,264.13977887494093,166.27817808148609,65,66,0.8412481727836516,target_and_lag7_valid,19039,19042,231.33354342949139,231.33354342949136,2.8421709430404007e-14,results_mta/coverage_matched_predictions/ignnk_off_c_ts2_p2_regional_shift_inside.npz,d6ebab3dc4c01724b169546d984fa510983b12fe684ba1751d21edef8eb7431a
mta,ignnk_off_c,2,2,regional shift,outside,230.58871315539812,264.13977887494093,167.68460021856967,65,66,0.8412481727836516,target_and_lag7_valid,19039,19042,230.59987923488211,230.59987923488211,0,results_mta/coverage_matched_predictions/ignnk_off_c_ts2_p2_regional_shift_outside.npz,63c87f2d27852295929d5f358e3f700beb7c6fad6429cdcea7e979408d623679
mta,ignnk_off_c,2,3,regional shift,inside,216.95468043729633,249.55521391779669,154.53149023371401,65,66,0.8412481727836516,target_and_lag7_valid,19026,19035,217.08929603362228,217.08929603362228,0,results_mta/coverage_matched_predictions/ignnk_off_c_ts2_p3_regional_shift_inside.npz,560e3d2f7f4bd1aaa9134736f89de3bebdbe651f07f0ecedc19a3e78ca1a5f73
mta,ignnk_off_c,2,3,regional shift,outside,222.09655896454194,249.55521391779669,154.42793466022005,65,66,0.8412481727836516,target_and_lag7_valid,19026,19035,222.22287521342264,222.22287521342264,0,results_mta/coverage_matched_predictions/ignnk_off_c_ts2_p3_regional_shift_outside.npz,cacbf9c796adc2d929202a9b5ab20b973739ec61b258f2141230f2fe4096d44e
mta,ignnk_off_c,2,4,regional shift,inside,223.64389118728658,243.52511163645914,152.6169901479139,65,66,0.8412481727836516,target_and_lag7_valid,19035,19040,223.63641008649554,223.63641008649557,-2.8421709430404007e-14,results_mta/coverage_matched_predictions/ignnk_off_c_ts2_p4_regional_shift_inside.npz,9ba4e3ddef7ad3f38ca2f9f912078d7a0c822be3c9fe342f82cfca698f99fc12
mta,ignnk_off_c,2,4,regional shift,outside,222.5889880072892,243.52511163645914,150.97627092231934,65,66,0.8412481727836516,target_and_lag7_valid,19035,19040,222.5829718068868,222.5829718068868,0,results_mta/coverage_matched_predictions/ignnk_off_c_ts2_p4_regional_shift_outside.npz,36ba064a979539b9e5f437e4760b80898ee0b1eab25b91550f007918402ebb15
