model,metric,contrast,train_seed,placement_seed,value,dataset,score_support_status
spin,MAE,outside_penalty_no_shift,0,0,3.2095611388753582,cta,exact
spin,MAE,outside_penalty_no_shift,0,1,5.7896427555663195,cta,exact
spin,MAE,outside_penalty_no_shift,0,2,5.0123148768893202,cta,exact
spin,MAE,outside_penalty_no_shift,0,3,16.552252204209339,cta,exact
spin,MAE,outside_penalty_no_shift,0,4,0.48657286079961182,cta,exact
spin,MAE,outside_penalty_no_shift,1,0,-1.3802032545099792,cta,exact
spin,MAE,outside_penalty_no_shift,1,1,-6.8596606838127911,cta,exact
spin,MAE,outside_penalty_no_shift,1,2,2.4326662298878432,cta,exact
spin,MAE,outside_penalty_no_shift,1,3,1.210128697383368,cta,exact
spin,MAE,outside_penalty_no_shift,1,4,5.7759934178449726,cta,exact
spin,MAE,outside_penalty_no_shift,2,0,-2.6796532179424446,cta,exact
spin,MAE,outside_penalty_no_shift,2,1,-9.4481248984235151,cta,exact
spin,MAE,outside_penalty_no_shift,2,2,-2.1364959166260178,cta,exact
spin,MAE,outside_penalty_no_shift,2,3,21.537296339184167,cta,exact
spin,MAE,outside_penalty_no_shift,2,4,11.0005548614497,cta,exact
spin,MAE,outside_penalty_regional_shift,0,0,57.962847772428077,cta,exact
spin,MAE,outside_penalty_regional_shift,0,1,57.556998364618877,cta,exact
spin,MAE,outside_penalty_regional_shift,0,2,71.799039531021464,cta,exact
spin,MAE,outside_penalty_regional_shift,0,3,78.256821812022565,cta,exact
spin,MAE,outside_penalty_regional_shift,0,4,66.111420178673001,cta,exact
spin,MAE,outside_penalty_regional_shift,1,0,24.274722442304565,cta,exact
spin,MAE,outside_penalty_regional_shift,1,1,21.860840875386003,cta,exact
spin,MAE,outside_penalty_regional_shift,1,2,30.347541976474901,cta,exact
spin,MAE,outside_penalty_regional_shift,1,3,44.450282128636445,cta,exact
spin,MAE,outside_penalty_regional_shift,1,4,27.818970420932871,cta,exact
spin,MAE,outside_penalty_regional_shift,2,0,71.518802438850969,cta,exact
spin,MAE,outside_penalty_regional_shift,2,1,64.447630982853909,cta,exact
spin,MAE,outside_penalty_regional_shift,2,2,79.003788802210309,cta,exact
spin,MAE,outside_penalty_regional_shift,2,3,102.50260289696084,cta,exact
spin,MAE,outside_penalty_regional_shift,2,4,70.40630650190964,cta,exact
spin,MAE,shift_excess_penalty,0,0,54.753286633552719,cta,exact
spin,MAE,shift_excess_penalty,0,1,51.767355609052558,cta,exact
spin,MAE,shift_excess_penalty,0,2,66.786724654132144,cta,exact
spin,MAE,shift_excess_penalty,0,3,61.704569607813227,cta,exact
spin,MAE,shift_excess_penalty,0,4,65.624847317873389,cta,exact
spin,MAE,shift_excess_penalty,1,0,25.654925696814544,cta,exact
spin,MAE,shift_excess_penalty,1,1,28.720501559198794,cta,exact
spin,MAE,shift_excess_penalty,1,2,27.914875746587057,cta,exact
spin,MAE,shift_excess_penalty,1,3,43.240153431253077,cta,exact
spin,MAE,shift_excess_penalty,1,4,22.042977003087898,cta,exact
spin,MAE,shift_excess_penalty,2,0,74.198455656793413,cta,exact
spin,MAE,shift_excess_penalty,2,1,73.895755881277424,cta,exact
spin,MAE,shift_excess_penalty,2,2,81.140284718836327,cta,exact
spin,MAE,shift_excess_penalty,2,3,80.965306557776671,cta,exact
spin,MAE,shift_excess_penalty,2,4,59.40575164045994,cta,exact
spin_c,MAE,outside_penalty_no_shift,0,0,1.0039640216154737,cta,exact
spin_c,MAE,outside_penalty_no_shift,0,1,4.5097767349260494,cta,exact
spin_c,MAE,outside_penalty_no_shift,0,2,3.7562266374126523,cta,exact
spin_c,MAE,outside_penalty_no_shift,0,3,2.0807939216642239,cta,exact
spin_c,MAE,outside_penalty_no_shift,0,4,-0.74826875609457488,cta,exact
spin_c,MAE,outside_penalty_no_shift,1,0,1.9710837193239286,cta,exact
spin_c,MAE,outside_penalty_no_shift,1,1,3.9658296765805261,cta,exact
spin_c,MAE,outside_penalty_no_shift,1,2,2.8586080976759831,cta,exact
spin_c,MAE,outside_penalty_no_shift,1,3,-0.19628509466927824,cta,exact
spin_c,MAE,outside_penalty_no_shift,1,4,-1.2201746099463691,cta,exact
spin_c,MAE,outside_penalty_no_shift,2,0,1.4522400150333254,cta,exact
spin_c,MAE,outside_penalty_no_shift,2,1,4.5883169287339456,cta,exact
spin_c,MAE,outside_penalty_no_shift,2,2,3.4699359052494856,cta,exact
spin_c,MAE,outside_penalty_no_shift,2,3,1.8823211238420186,cta,exact
spin_c,MAE,outside_penalty_no_shift,2,4,-0.28627740025190462,cta,exact
spin_c,MAE,outside_penalty_regional_shift,0,0,0.24200561463920067,cta,exact
spin_c,MAE,outside_penalty_regional_shift,0,1,1.1677141739801726,cta,exact
spin_c,MAE,outside_penalty_regional_shift,0,2,0.96622772935965173,cta,exact
spin_c,MAE,outside_penalty_regional_shift,0,3,0.52271662451243373,cta,exact
spin_c,MAE,outside_penalty_regional_shift,0,4,-0.20205638382699576,cta,exact
spin_c,MAE,outside_penalty_regional_shift,1,0,0.47292749090891562,cta,exact
spin_c,MAE,outside_penalty_regional_shift,1,1,1.011246419429547,cta,exact
spin_c,MAE,outside_penalty_regional_shift,1,2,0.72141511254672963,cta,exact
spin_c,MAE,outside_penalty_regional_shift,1,3,-0.04946488247602332,cta,exact
spin_c,MAE,outside_penalty_regional_shift,1,4,-0.31362734006785331,cta,exact
spin_c,MAE,outside_penalty_regional_shift,2,0,0.35909217302535268,cta,exact
spin_c,MAE,outside_penalty_regional_shift,2,1,1.1878875777059932,cta,exact
spin_c,MAE,outside_penalty_regional_shift,2,2,0.91180750243783137,cta,exact
spin_c,MAE,outside_penalty_regional_shift,2,3,0.47348822474810248,cta,exact
spin_c,MAE,outside_penalty_regional_shift,2,4,-0.077999457835613129,cta,exact
spin_c,MAE,shift_excess_penalty,0,0,-0.76195840697627304,cta,exact
spin_c,MAE,shift_excess_penalty,0,1,-3.3420625609458767,cta,exact
spin_c,MAE,shift_excess_penalty,0,2,-2.7899989080530005,cta,exact
spin_c,MAE,shift_excess_penalty,0,3,-1.5580772971517902,cta,exact
spin_c,MAE,shift_excess_penalty,0,4,0.54621237226757913,cta,exact
spin_c,MAE,shift_excess_penalty,1,0,-1.4981562284150129,cta,exact
spin_c,MAE,shift_excess_penalty,1,1,-2.9545832571509791,cta,exact
spin_c,MAE,shift_excess_penalty,1,2,-2.1371929851292535,cta,exact
spin_c,MAE,shift_excess_penalty,1,3,0.14682021219325492,cta,exact
spin_c,MAE,shift_excess_penalty,1,4,0.90654726987851575,cta,exact
spin_c,MAE,shift_excess_penalty,2,0,-1.0931478420079728,cta,exact
spin_c,MAE,shift_excess_penalty,2,1,-3.4004293510279524,cta,exact
spin_c,MAE,shift_excess_penalty,2,2,-2.5581284028116542,cta,exact
spin_c,MAE,shift_excess_penalty,2,3,-1.4088328990939161,cta,exact
spin_c,MAE,shift_excess_penalty,2,4,0.20827794241629149,cta,exact
ignnk_off,MAE,outside_penalty_no_shift,0,0,2.1086262703407215,cta,exact
ignnk_off,MAE,outside_penalty_no_shift,0,1,7.0544107834846841,cta,exact
ignnk_off,MAE,outside_penalty_no_shift,0,2,7.7586199535541596,cta,exact
ignnk_off,MAE,outside_penalty_no_shift,0,3,1.3188648766354163,cta,exact
ignnk_off,MAE,outside_penalty_no_shift,0,4,1.2981822415133024,cta,exact
ignnk_off,MAE,outside_penalty_no_shift,1,0,3.4003025788360333,cta,exact
ignnk_off,MAE,outside_penalty_no_shift,1,1,13.083917794800328,cta,exact
ignnk_off,MAE,outside_penalty_no_shift,1,2,8.6508619239344853,cta,exact
ignnk_off,MAE,outside_penalty_no_shift,1,3,6.3825307046613489,cta,exact
ignnk_off,MAE,outside_penalty_no_shift,1,4,0.98724751105913811,cta,exact
ignnk_off,MAE,outside_penalty_no_shift,2,0,12.043510596964893,cta,exact
ignnk_off,MAE,outside_penalty_no_shift,2,1,17.347352314165789,cta,exact
ignnk_off,MAE,outside_penalty_no_shift,2,2,14.908286132018958,cta,exact
ignnk_off,MAE,outside_penalty_no_shift,2,3,3.2137707692131983,cta,exact
ignnk_off,MAE,outside_penalty_no_shift,2,4,2.5243679563068895,cta,exact
ignnk_off,MAE,outside_penalty_regional_shift,0,0,21.172001514282911,cta,exact
ignnk_off,MAE,outside_penalty_regional_shift,0,1,28.53433074281601,cta,exact
ignnk_off,MAE,outside_penalty_regional_shift,0,2,28.890139595427286,cta,exact
ignnk_off,MAE,outside_penalty_regional_shift,0,3,16.586857917695141,cta,exact
ignnk_off,MAE,outside_penalty_regional_shift,0,4,17.773188399586573,cta,exact
ignnk_off,MAE,outside_penalty_regional_shift,1,0,23.491948656429031,cta,exact
ignnk_off,MAE,outside_penalty_regional_shift,1,1,34.290545476736469,cta,exact
ignnk_off,MAE,outside_penalty_regional_shift,1,2,35.295949146376756,cta,exact
ignnk_off,MAE,outside_penalty_regional_shift,1,3,20.599832327408862,cta,exact
ignnk_off,MAE,outside_penalty_regional_shift,1,4,19.849987548947155,cta,exact
ignnk_off,MAE,outside_penalty_regional_shift,2,0,22.683560023438773,cta,exact
ignnk_off,MAE,outside_penalty_regional_shift,2,1,29.47557046296015,cta,exact
ignnk_off,MAE,outside_penalty_regional_shift,2,2,27.737457052200142,cta,exact
ignnk_off,MAE,outside_penalty_regional_shift,2,3,19.701436370596639,cta,exact
ignnk_off,MAE,outside_penalty_regional_shift,2,4,17.317479865639754,cta,exact
ignnk_off,MAE,shift_excess_penalty,0,0,19.06337524394219,cta,exact
ignnk_off,MAE,shift_excess_penalty,0,1,21.479919959331326,cta,exact
ignnk_off,MAE,shift_excess_penalty,0,2,21.131519641873126,cta,exact
ignnk_off,MAE,shift_excess_penalty,0,3,15.267993041059725,cta,exact
ignnk_off,MAE,shift_excess_penalty,0,4,16.475006158073271,cta,exact
ignnk_off,MAE,shift_excess_penalty,1,0,20.091646077592998,cta,exact
ignnk_off,MAE,shift_excess_penalty,1,1,21.206627681936141,cta,exact
ignnk_off,MAE,shift_excess_penalty,1,2,26.645087222442271,cta,exact
ignnk_off,MAE,shift_excess_penalty,1,3,14.217301622747513,cta,exact
ignnk_off,MAE,shift_excess_penalty,1,4,18.862740037888017,cta,exact
ignnk_off,MAE,shift_excess_penalty,2,0,10.64004942647388,cta,exact
ignnk_off,MAE,shift_excess_penalty,2,1,12.12821814879436,cta,exact
ignnk_off,MAE,shift_excess_penalty,2,2,12.829170920181184,cta,exact
ignnk_off,MAE,shift_excess_penalty,2,3,16.487665601383441,cta,exact
ignnk_off,MAE,shift_excess_penalty,2,4,14.793111909332865,cta,exact
ignnk_off_c,MAE,outside_penalty_no_shift,0,0,6.0128828321804519,cta,exact
ignnk_off_c,MAE,outside_penalty_no_shift,0,1,15.70100213120125,cta,exact
ignnk_off_c,MAE,outside_penalty_no_shift,0,2,14.562564754997538,cta,exact
ignnk_off_c,MAE,outside_penalty_no_shift,0,3,7.5745879963280061,cta,exact
ignnk_off_c,MAE,outside_penalty_no_shift,0,4,3.4402108616350802,cta,exact
ignnk_off_c,MAE,outside_penalty_no_shift,1,0,4.8571631724362021,cta,exact
ignnk_off_c,MAE,outside_penalty_no_shift,1,1,15.54553926946204,cta,exact
ignnk_off_c,MAE,outside_penalty_no_shift,1,2,13.923841139484779,cta,exact
ignnk_off_c,MAE,outside_penalty_no_shift,1,3,8.0706756755469939,cta,exact
ignnk_off_c,MAE,outside_penalty_no_shift,1,4,2.7453197849372373,cta,exact
ignnk_off_c,MAE,outside_penalty_no_shift,2,0,4.7540529803805214,cta,exact
ignnk_off_c,MAE,outside_penalty_no_shift,2,1,14.424613755485126,cta,exact
ignnk_off_c,MAE,outside_penalty_no_shift,2,2,14.950649470405693,cta,exact
ignnk_off_c,MAE,outside_penalty_no_shift,2,3,7.3305289499278672,cta,exact
ignnk_off_c,MAE,outside_penalty_no_shift,2,4,3.8858260674416698,cta,exact
ignnk_off_c,MAE,outside_penalty_regional_shift,0,0,1.5237676235169744,cta,exact
ignnk_off_c,MAE,outside_penalty_regional_shift,0,1,3.9199893678007598,cta,exact
ignnk_off_c,MAE,outside_penalty_regional_shift,0,2,3.6631888233509073,cta,exact
ignnk_off_c,MAE,outside_penalty_regional_shift,0,3,1.8786834959826493,cta,exact
ignnk_off_c,MAE,outside_penalty_regional_shift,0,4,0.83875336035585235,cta,exact
ignnk_off_c,MAE,outside_penalty_regional_shift,1,0,1.2225685014233392,cta,exact
ignnk_off_c,MAE,outside_penalty_regional_shift,1,1,3.8744281165564516,cta,exact
ignnk_off_c,MAE,outside_penalty_regional_shift,1,2,3.4949975375642524,cta,exact
ignnk_off_c,MAE,outside_penalty_regional_shift,1,3,2.0006532537322954,cta,exact
ignnk_off_c,MAE,outside_penalty_regional_shift,1,4,0.66062706783499081,cta,exact
ignnk_off_c,MAE,outside_penalty_regional_shift,2,0,1.2021461262386026,cta,exact
ignnk_off_c,MAE,outside_penalty_regional_shift,2,1,3.5935165328396721,cta,exact
ignnk_off_c,MAE,outside_penalty_regional_shift,2,2,3.7542625810389794,cta,exact
ignnk_off_c,MAE,outside_penalty_regional_shift,2,3,1.8183549905470358,cta,exact
ignnk_off_c,MAE,outside_penalty_regional_shift,2,4,0.95015854062868499,cta,exact
ignnk_off_c,MAE,shift_excess_penalty,0,0,-4.4891152086634776,cta,exact
ignnk_off_c,MAE,shift_excess_penalty,0,1,-11.78101276340049,cta,exact
ignnk_off_c,MAE,shift_excess_penalty,0,2,-10.899375931646631,cta,exact
ignnk_off_c,MAE,shift_excess_penalty,0,3,-5.6959045003453568,cta,exact
ignnk_off_c,MAE,shift_excess_penalty,0,4,-2.6014575012792278,cta,exact
ignnk_off_c,MAE,shift_excess_penalty,1,0,-3.6345946710128629,cta,exact
ignnk_off_c,MAE,shift_excess_penalty,1,1,-11.671111152905588,cta,exact
ignnk_off_c,MAE,shift_excess_penalty,1,2,-10.428843601920526,cta,exact
ignnk_off_c,MAE,shift_excess_penalty,1,3,-6.0700224218146985,cta,exact
ignnk_off_c,MAE,shift_excess_penalty,1,4,-2.0846927171022465,cta,exact
ignnk_off_c,MAE,shift_excess_penalty,2,0,-3.5519068541419188,cta,exact
ignnk_off_c,MAE,shift_excess_penalty,2,1,-10.831097222645454,cta,exact
ignnk_off_c,MAE,shift_excess_penalty,2,2,-11.196386889366714,cta,exact
ignnk_off_c,MAE,shift_excess_penalty,2,3,-5.5121739593808314,cta,exact
ignnk_off_c,MAE,shift_excess_penalty,2,4,-2.9356675268129848,cta,exact
spin,MAE,krin_reduction,0,0,55.515245040528995,cta,exact
spin,MAE,krin_reduction,0,1,55.109418169998435,cta,exact
spin,MAE,krin_reduction,0,2,69.576723562185151,cta,exact
spin,MAE,krin_reduction,0,3,63.262646904965017,cta,exact
spin,MAE,krin_reduction,0,4,65.078634945605813,cta,exact
spin,MAE,krin_reduction,1,0,27.153081925229557,cta,exact
spin,MAE,krin_reduction,1,1,31.675084816349774,cta,exact
spin,MAE,krin_reduction,1,2,30.052068731716311,cta,exact
spin,MAE,krin_reduction,1,3,43.093333219059822,cta,exact
spin,MAE,krin_reduction,1,4,21.136429733209383,cta,exact
spin,MAE,krin_reduction,2,0,75.291603498801379,cta,exact
spin,MAE,krin_reduction,2,1,77.296185232305376,cta,exact
spin,MAE,krin_reduction,2,2,83.698413121647974,cta,exact
spin,MAE,krin_reduction,2,3,82.37413945687058,cta,exact
spin,MAE,krin_reduction,2,4,59.197473698043652,cta,exact
ignnk_off,MAE,krin_reduction,0,0,23.552490452605667,cta,exact
ignnk_off,MAE,krin_reduction,0,1,33.260932722731816,cta,exact
ignnk_off,MAE,krin_reduction,0,2,32.030895573519757,cta,exact
ignnk_off,MAE,krin_reduction,0,3,20.963897541405082,cta,exact
ignnk_off,MAE,krin_reduction,0,4,19.076463659352498,cta,exact
ignnk_off,MAE,krin_reduction,1,0,23.726240748605861,cta,exact
ignnk_off,MAE,krin_reduction,1,1,32.877738834841729,cta,exact
ignnk_off,MAE,krin_reduction,1,2,37.073930824362797,cta,exact
ignnk_off,MAE,krin_reduction,1,3,20.287324044562212,cta,exact
ignnk_off,MAE,krin_reduction,1,4,20.947432754990263,cta,exact
ignnk_off,MAE,krin_reduction,2,0,14.191956280615798,cta,exact
ignnk_off,MAE,krin_reduction,2,1,22.959315371439814,cta,exact
ignnk_off,MAE,krin_reduction,2,2,24.025557809547898,cta,exact
ignnk_off,MAE,krin_reduction,2,3,21.999839560764272,cta,exact
ignnk_off,MAE,krin_reduction,2,4,17.72877943614585,cta,exact
spin,MAE_over_snaive7,outside_penalty_no_shift,0,0,0.014672287667686024,cta,exact
spin,MAE_over_snaive7,outside_penalty_no_shift,0,1,0.026335059406716099,cta,exact
spin,MAE_over_snaive7,outside_penalty_no_shift,0,2,0.018895830729401153,cta,exact
spin,MAE_over_snaive7,outside_penalty_no_shift,0,3,0.072749850574807096,cta,exact
spin,MAE_over_snaive7,outside_penalty_no_shift,0,4,0.0029607373577796858,cta,exact
spin,MAE_over_snaive7,outside_penalty_no_shift,1,0,-0.0063095041078241598,cta,exact
spin,MAE_over_snaive7,outside_penalty_no_shift,1,1,-0.031202196619893874,cta,exact
spin,MAE_over_snaive7,outside_penalty_no_shift,1,2,0.0091708622522971295,cta,exact
spin,MAE_over_snaive7,outside_penalty_no_shift,1,3,0.0053187131772036711,cta,exact
spin,MAE_over_snaive7,outside_penalty_no_shift,1,4,0.035146225505466422,cta,exact
spin,MAE_over_snaive7,outside_penalty_no_shift,2,0,-0.012249850107877713,cta,exact
spin,MAE_over_snaive7,outside_penalty_no_shift,2,1,-0.042976214766073051,cta,exact
spin,MAE_over_snaive7,outside_penalty_no_shift,2,2,-0.0080543354091267005,cta,exact
spin,MAE_over_snaive7,outside_penalty_no_shift,2,3,0.094659933351096015,cta,exact
spin,MAE_over_snaive7,outside_penalty_no_shift,2,4,0.0669370537458156,cta,exact
spin,MAE_over_snaive7,outside_penalty_regional_shift,0,0,1.0598926641458042,cta,exact
spin,MAE_over_snaive7,outside_penalty_regional_shift,0,1,1.0472265977013531,cta,exact
spin,MAE_over_snaive7,outside_penalty_regional_shift,0,2,1.082695346030413,cta,exact
spin,MAE_over_snaive7,outside_penalty_regional_shift,0,3,1.3758060288221416,cta,exact
spin,MAE_over_snaive7,outside_penalty_regional_shift,0,4,1.6091201730996492,cta,exact
spin,MAE_over_snaive7,outside_penalty_regional_shift,1,0,0.44388088628407207,cta,exact
spin,MAE_over_snaive7,outside_penalty_regional_shift,1,1,0.39774926878212558,cta,exact
spin,MAE_over_snaive7,outside_penalty_regional_shift,1,2,0.45762649021503576,cta,exact
spin,MAE_over_snaive7,outside_penalty_regional_shift,1,3,0.78146498566375344,cta,exact
spin,MAE_over_snaive7,outside_penalty_regional_shift,1,4,0.67710036145352759,cta,exact
spin,MAE_over_snaive7,outside_penalty_regional_shift,2,0,1.307773116169924,cta,exact
spin,MAE_over_snaive7,outside_penalty_regional_shift,2,1,1.1725989061579398,cta,exact
spin,MAE_over_snaive7,outside_penalty_regional_shift,2,2,1.1913395362059913,cta,exact
spin,MAE_over_snaive7,outside_penalty_regional_shift,2,3,1.8020626926857284,cta,exact
spin,MAE_over_snaive7,outside_penalty_regional_shift,2,4,1.7136556407270607,cta,exact
spin,MAE_over_snaive7,shift_excess_penalty,0,0,1.0452203764781181,cta,exact
spin,MAE_over_snaive7,shift_excess_penalty,0,1,1.0208915382946371,cta,exact
spin,MAE_over_snaive7,shift_excess_penalty,0,2,1.0637995153010118,cta,exact
spin,MAE_over_snaive7,shift_excess_penalty,0,3,1.3030561782473344,cta,exact
spin,MAE_over_snaive7,shift_excess_penalty,0,4,1.6061594357418696,cta,exact
spin,MAE_over_snaive7,shift_excess_penalty,1,0,0.45019039039189623,cta,exact
spin,MAE_over_snaive7,shift_excess_penalty,1,1,0.42895146540201945,cta,exact
spin,MAE_over_snaive7,shift_excess_penalty,1,2,0.44845562796273863,cta,exact
spin,MAE_over_snaive7,shift_excess_penalty,1,3,0.77614627248654977,cta,exact
spin,MAE_over_snaive7,shift_excess_penalty,1,4,0.64195413594806117,cta,exact
spin,MAE_over_snaive7,shift_excess_penalty,2,0,1.3200229662778016,cta,exact
spin,MAE_over_snaive7,shift_excess_penalty,2,1,1.2155751209240129,cta,exact
spin,MAE_over_snaive7,shift_excess_penalty,2,2,1.199393871615118,cta,exact
spin,MAE_over_snaive7,shift_excess_penalty,2,3,1.7074027593346324,cta,exact
spin,MAE_over_snaive7,shift_excess_penalty,2,4,1.6467185869812451,cta,exact
spin_c,MAE_over_snaive7,outside_penalty_no_shift,0,0,0.0045895523704871932,cta,exact
spin_c,MAE_over_snaive7,outside_penalty_no_shift,0,1,0.020513396635935766,cta,exact
spin_c,MAE_over_snaive7,outside_penalty_no_shift,0,2,0.014160527513759513,cta,exact
spin_c,MAE_over_snaive7,outside_penalty_no_shift,0,3,0.0091454289730761307,cta,exact
spin_c,MAE_over_snaive7,outside_penalty_no_shift,0,4,-0.0045531254172043178,cta,exact
spin_c,MAE_over_snaive7,outside_penalty_no_shift,1,0,0.0090106734521178122,cta,exact
spin_c,MAE_over_snaive7,outside_penalty_no_shift,1,1,0.018039171765693807,cta,exact
spin_c,MAE_over_snaive7,outside_penalty_no_shift,1,2,0.010776612416038722,cta,exact
spin_c,MAE_over_snaive7,outside_penalty_no_shift,1,3,-0.00086270503440133428,cta,exact
spin_c,MAE_over_snaive7,outside_penalty_no_shift,1,4,-0.0074246158011066488,cta,exact
spin_c,MAE_over_snaive7,outside_penalty_no_shift,2,0,0.0066388151965722786,cta,exact
spin_c,MAE_over_snaive7,outside_penalty_no_shift,2,1,0.020870648500527444,cta,exact
spin_c,MAE_over_snaive7,outside_penalty_no_shift,2,2,0.01308124551587575,cta,exact
spin_c,MAE_over_snaive7,outside_penalty_no_shift,2,3,0.0082731086261774722,cta,exact
spin_c,MAE_over_snaive7,outside_penalty_no_shift,2,4,-0.0017419635616769957,cta,exact
spin_c,MAE_over_snaive7,outside_penalty_regional_shift,0,0,0.0044252479906654596,cta,exact
spin_c,MAE_over_snaive7,outside_penalty_regional_shift,0,1,0.021246093025181323,cta,exact
spin_c,MAE_over_snaive7,outside_penalty_regional_shift,0,2,0.01457025431839154,cta,exact
spin_c,MAE_over_snaive7,outside_penalty_regional_shift,0,3,0.0091896995906276535,cta,exact
spin_c,MAE_over_snaive7,outside_penalty_regional_shift,0,4,-0.0049179552101721313,cta,exact
spin_c,MAE_over_snaive7,outside_penalty_regional_shift,1,0,0.0086478217953549485,cta,exact
spin_c,MAE_over_snaive7,outside_penalty_regional_shift,1,1,0.018399224722390417,cta,exact
spin_c,MAE_over_snaive7,outside_penalty_regional_shift,1,2,0.010878596566363252,cta,exact
spin_c,MAE_over_snaive7,outside_penalty_regional_shift,1,3,-0.00086962493428321963,cta,exact
spin_c,MAE_over_snaive7,outside_penalty_regional_shift,1,4,-0.007633538628800618,cta,exact
spin_c,MAE_over_snaive7,outside_penalty_regional_shift,2,0,0.0065662605370261362,cta,exact
spin_c,MAE_over_snaive7,outside_penalty_regional_shift,2,1,0.021613140048968305,cta,exact
spin_c,MAE_over_snaive7,outside_penalty_regional_shift,2,2,0.013749623195704719,cta,exact
spin_c,MAE_over_snaive7,outside_penalty_regional_shift,2,3,0.0083242321768383087,cta,exact
spin_c,MAE_over_snaive7,outside_penalty_regional_shift,2,4,-0.001898469292520355,cta,exact
spin_c,MAE_over_snaive7,shift_excess_penalty,0,0,-0.00016430437982173363,cta,exact
spin_c,MAE_over_snaive7,shift_excess_penalty,0,1,0.00073269638924555736,cta,exact
spin_c,MAE_over_snaive7,shift_excess_penalty,0,2,0.00040972680463202682,cta,exact
spin_c,MAE_over_snaive7,shift_excess_penalty,0,3,4.427061755152284e-05,cta,exact
spin_c,MAE_over_snaive7,shift_excess_penalty,0,4,-0.00036482979296781348,cta,exact
spin_c,MAE_over_snaive7,shift_excess_penalty,1,0,-0.00036285165676286368,cta,exact
spin_c,MAE_over_snaive7,shift_excess_penalty,1,1,0.00036005295669661042,cta,exact
spin_c,MAE_over_snaive7,shift_excess_penalty,1,2,0.00010198415032453001,cta,exact
spin_c,MAE_over_snaive7,shift_excess_penalty,1,3,-6.9198998818853497e-06,cta,exact
spin_c,MAE_over_snaive7,shift_excess_penalty,1,4,-0.00020892282769396919,cta,exact
spin_c,MAE_over_snaive7,shift_excess_penalty,2,0,-7.2554659546142375e-05,cta,exact
spin_c,MAE_over_snaive7,shift_excess_penalty,2,1,0.00074249154844086007,cta,exact
spin_c,MAE_over_snaive7,shift_excess_penalty,2,2,0.00066837767982896867,cta,exact
spin_c,MAE_over_snaive7,shift_excess_penalty,2,3,5.1123550660836514e-05,cta,exact
spin_c,MAE_over_snaive7,shift_excess_penalty,2,4,-0.00015650573084335928,cta,exact
ignnk_off,MAE_over_snaive7,outside_penalty_no_shift,0,0,0.0096394397499840467,cta,exact
ignnk_off,MAE_over_snaive7,outside_penalty_no_shift,0,1,0.032088046690589955,cta,exact
ignnk_off,MAE_over_snaive7,outside_penalty_no_shift,0,2,0.029249074117845164,cta,exact
ignnk_off,MAE_over_snaive7,outside_penalty_no_shift,0,3,0.0057966264360802544,cta,exact
ignnk_off,MAE_over_snaive7,outside_penalty_no_shift,0,4,0.0078992828604090848,cta,exact
ignnk_off,MAE_over_snaive7,outside_penalty_no_shift,1,0,0.015544249021951506,cta,exact
ignnk_off,MAE_over_snaive7,outside_penalty_no_shift,1,1,0.059514164680952386,cta,exact
ignnk_off,MAE_over_snaive7,outside_penalty_no_shift,1,2,0.03261272018878747,cta,exact
ignnk_off,MAE_over_snaive7,outside_penalty_no_shift,1,3,0.028052264388235271,cta,exact
ignnk_off,MAE_over_snaive7,outside_penalty_no_shift,1,4,0.0060072824089782983,cta,exact
ignnk_off,MAE_over_snaive7,outside_penalty_no_shift,2,0,0.055056079121587609,cta,exact
ignnk_off,MAE_over_snaive7,outside_penalty_no_shift,2,1,0.078907036760354377,cta,exact
ignnk_off,MAE_over_snaive7,outside_penalty_no_shift,2,2,0.056202464955860454,cta,exact
ignnk_off,MAE_over_snaive7,outside_penalty_no_shift,2,3,0.014125047175301386,cta,exact
ignnk_off,MAE_over_snaive7,outside_penalty_no_shift,2,4,0.015360475511801641,cta,exact
ignnk_off,MAE_over_snaive7,outside_penalty_regional_shift,0,0,0.38714538627183637,cta,exact
ignnk_off,MAE_over_snaive7,outside_penalty_regional_shift,0,1,0.5191707516119044,cta,exact
ignnk_off,MAE_over_snaive7,outside_penalty_regional_shift,0,2,0.43564955590559951,cta,exact
ignnk_off,MAE_over_snaive7,outside_penalty_regional_shift,0,3,0.29160779333969034,cta,exact
ignnk_off,MAE_over_snaive7,outside_penalty_regional_shift,0,4,0.43259085823270982,cta,exact
ignnk_off,MAE_over_snaive7,outside_penalty_regional_shift,1,0,0.42956730050939651,cta,exact
ignnk_off,MAE_over_snaive7,outside_penalty_regional_shift,1,1,0.62390277973565489,cta,exact
ignnk_off,MAE_over_snaive7,outside_penalty_regional_shift,1,2,0.53224611532577937,cta,exact
ignnk_off,MAE_over_snaive7,outside_penalty_regional_shift,1,3,0.36215850391742177,cta,exact
ignnk_off,MAE_over_snaive7,outside_penalty_regional_shift,1,4,0.48313915076190783,cta,exact
ignnk_off,MAE_over_snaive7,outside_penalty_regional_shift,2,0,0.41478532869791485,cta,exact
ignnk_off,MAE_over_snaive7,outside_penalty_regional_shift,2,1,0.53629623240059443,cta,exact
ignnk_off,MAE_over_snaive7,outside_penalty_regional_shift,2,2,0.41826765173035874,cta,exact
ignnk_off,MAE_over_snaive7,outside_penalty_regional_shift,2,3,0.34636411634798181,cta,exact
ignnk_off,MAE_over_snaive7,outside_penalty_regional_shift,2,4,0.42149913167403508,cta,exact
ignnk_off,MAE_over_snaive7,shift_excess_penalty,0,0,0.37750594652185232,cta,exact
ignnk_off,MAE_over_snaive7,shift_excess_penalty,0,1,0.48708270492131445,cta,exact
ignnk_off,MAE_over_snaive7,shift_excess_penalty,0,2,0.40640048178775434,cta,exact
ignnk_off,MAE_over_snaive7,shift_excess_penalty,0,3,0.28581116690361008,cta,exact
ignnk_off,MAE_over_snaive7,shift_excess_penalty,0,4,0.42469157537230073,cta,exact
ignnk_off,MAE_over_snaive7,shift_excess_penalty,1,0,0.414023051487445,cta,exact
ignnk_off,MAE_over_snaive7,shift_excess_penalty,1,1,0.5643886150547025,cta,exact
ignnk_off,MAE_over_snaive7,shift_excess_penalty,1,2,0.4996333951369919,cta,exact
ignnk_off,MAE_over_snaive7,shift_excess_penalty,1,3,0.3341062395291865,cta,exact
ignnk_off,MAE_over_snaive7,shift_excess_penalty,1,4,0.47713186835292953,cta,exact
ignnk_off,MAE_over_snaive7,shift_excess_penalty,2,0,0.35972924957632724,cta,exact
ignnk_off,MAE_over_snaive7,shift_excess_penalty,2,1,0.45738919564024005,cta,exact
ignnk_off,MAE_over_snaive7,shift_excess_penalty,2,2,0.36206518677449828,cta,exact
ignnk_off,MAE_over_snaive7,shift_excess_penalty,2,3,0.33223906917268042,cta,exact
ignnk_off,MAE_over_snaive7,shift_excess_penalty,2,4,0.40613865616223344,cta,exact
ignnk_off_c,MAE_over_snaive7,outside_penalty_no_shift,0,0,0.027487479692241079,cta,exact
ignnk_off_c,MAE_over_snaive7,outside_penalty_no_shift,0,1,0.07141836574849536,cta,exact
ignnk_off_c,MAE_over_snaive7,outside_penalty_no_shift,0,2,0.054899136497815415,cta,exact
ignnk_off_c,MAE_over_snaive7,outside_penalty_no_shift,0,3,0.033291550787176605,cta,exact
ignnk_off_c,MAE_over_snaive7,outside_penalty_no_shift,0,4,0.020933269479814109,cta,exact
ignnk_off_c,MAE_over_snaive7,outside_penalty_no_shift,1,0,0.022204186875170895,cta,exact
ignnk_off_c,MAE_over_snaive7,outside_penalty_no_shift,1,1,0.070711219578638129,cta,exact
ignnk_off_c,MAE_over_snaive7,outside_penalty_no_shift,1,2,0.052491224461552743,cta,exact
ignnk_off_c,MAE_over_snaive7,outside_penalty_no_shift,1,3,0.035471937123122133,cta,exact
ignnk_off_c,MAE_over_snaive7,outside_penalty_no_shift,1,4,0.016704940824191938,cta,exact
ignnk_off_c,MAE_over_snaive7,outside_penalty_no_shift,2,0,0.021732825734550376,cta,exact
ignnk_off_c,MAE_over_snaive7,outside_penalty_no_shift,2,1,0.065612521567831594,cta,exact
ignnk_off_c,MAE_over_snaive7,outside_penalty_no_shift,2,2,0.056362169701262288,cta,exact
ignnk_off_c,MAE_over_snaive7,outside_penalty_no_shift,2,3,0.032218871435872098,cta,exact
ignnk_off_c,MAE_over_snaive7,outside_penalty_no_shift,2,4,0.023644784431260613,cta,exact
ignnk_off_c,MAE_over_snaive7,outside_penalty_regional_shift,0,0,0.027863194927368107,cta,exact
ignnk_off_c,MAE_over_snaive7,outside_penalty_regional_shift,0,1,0.071322640952571681,cta,exact
ignnk_off_c,MAE_over_snaive7,outside_penalty_regional_shift,0,2,0.055239144096893567,cta,exact
ignnk_off_c,MAE_over_snaive7,outside_penalty_regional_shift,0,3,0.033028482631587086,cta,exact
ignnk_off_c,MAE_over_snaive7,outside_penalty_regional_shift,0,4,0.020414853421029777,cta,exact
ignnk_off_c,MAE_over_snaive7,outside_penalty_regional_shift,1,0,0.022355550768689336,cta,exact
ignnk_off_c,MAE_over_snaive7,outside_penalty_regional_shift,1,1,0.070493672182773581,cta,exact
ignnk_off_c,MAE_over_snaive7,outside_penalty_regional_shift,1,2,0.052702899551652749,cta,exact
ignnk_off_c,MAE_over_snaive7,outside_penalty_regional_shift,1,3,0.035172790618551053,cta,exact
ignnk_off_c,MAE_over_snaive7,outside_penalty_regional_shift,1,4,0.016079345124881739,cta,exact
ignnk_off_c,MAE_over_snaive7,outside_penalty_regional_shift,2,0,0.021982112842938717,cta,exact
ignnk_off_c,MAE_over_snaive7,outside_penalty_regional_shift,2,1,0.065382598109608225,cta,exact
ignnk_off_c,MAE_over_snaive7,outside_penalty_regional_shift,2,2,0.056612493019642995,cta,exact
ignnk_off_c,MAE_over_snaive7,outside_penalty_regional_shift,2,3,0.031967868111775322,cta,exact
ignnk_off_c,MAE_over_snaive7,outside_penalty_regional_shift,2,4,0.02312640193232085,cta,exact
ignnk_off_c,MAE_over_snaive7,shift_excess_penalty,0,0,0.00037571523512702765,cta,exact
ignnk_off_c,MAE_over_snaive7,shift_excess_penalty,0,1,-9.5724795923679551e-05,cta,exact
ignnk_off_c,MAE_over_snaive7,shift_excess_penalty,0,2,0.00034000759907815148,cta,exact
ignnk_off_c,MAE_over_snaive7,shift_excess_penalty,0,3,-0.00026306815558951868,cta,exact
ignnk_off_c,MAE_over_snaive7,shift_excess_penalty,0,4,-0.00051841605878433228,cta,exact
ignnk_off_c,MAE_over_snaive7,shift_excess_penalty,1,0,0.00015136389351844137,cta,exact
ignnk_off_c,MAE_over_snaive7,shift_excess_penalty,1,1,-0.00021754739586454797,cta,exact
ignnk_off_c,MAE_over_snaive7,shift_excess_penalty,1,2,0.00021167509010000529,cta,exact
ignnk_off_c,MAE_over_snaive7,shift_excess_penalty,1,3,-0.0002991465045710795,cta,exact
ignnk_off_c,MAE_over_snaive7,shift_excess_penalty,1,4,-0.00062559569931019965,cta,exact
ignnk_off_c,MAE_over_snaive7,shift_excess_penalty,2,0,0.00024928710838834078,cta,exact
ignnk_off_c,MAE_over_snaive7,shift_excess_penalty,2,1,-0.0002299234582233689,cta,exact
ignnk_off_c,MAE_over_snaive7,shift_excess_penalty,2,2,0.00025032331838070743,cta,exact
ignnk_off_c,MAE_over_snaive7,shift_excess_penalty,2,3,-0.00025100332409677684,cta,exact
ignnk_off_c,MAE_over_snaive7,shift_excess_penalty,2,4,-0.00051838249893976229,cta,exact
spin,MAE_over_snaive7,krin_reduction,0,0,1.0453846808579397,cta,exact
spin,MAE_over_snaive7,krin_reduction,0,1,1.0201588419053915,cta,exact
spin,MAE_over_snaive7,krin_reduction,0,2,1.0633897884963797,cta,exact
spin,MAE_over_snaive7,krin_reduction,0,3,1.303011907629783,cta,exact
spin,MAE_over_snaive7,krin_reduction,0,4,1.6065242655348375,cta,exact
spin,MAE_over_snaive7,krin_reduction,1,0,0.4505532420486591,cta,exact
spin,MAE_over_snaive7,krin_reduction,1,1,0.42859141244532284,cta,exact
spin,MAE_over_snaive7,krin_reduction,1,2,0.4483536438124141,cta,exact
spin,MAE_over_snaive7,krin_reduction,1,3,0.77615319238643166,cta,exact
spin,MAE_over_snaive7,krin_reduction,1,4,0.64216305877575519,cta,exact
spin,MAE_over_snaive7,krin_reduction,2,0,1.3200955209373477,cta,exact
spin,MAE_over_snaive7,krin_reduction,2,1,1.214832629375572,cta,exact
spin,MAE_over_snaive7,krin_reduction,2,2,1.1987254939352892,cta,exact
spin,MAE_over_snaive7,krin_reduction,2,3,1.7073516357839715,cta,exact
spin,MAE_over_snaive7,krin_reduction,2,4,1.6468750927120883,cta,exact
ignnk_off,MAE_over_snaive7,krin_reduction,0,0,0.37713023128672529,cta,exact
ignnk_off,MAE_over_snaive7,krin_reduction,0,1,0.48717842971723813,cta,exact
ignnk_off,MAE_over_snaive7,krin_reduction,0,2,0.40606047418867619,cta,exact
ignnk_off,MAE_over_snaive7,krin_reduction,0,3,0.2860742350591996,cta,exact
ignnk_off,MAE_over_snaive7,krin_reduction,0,4,0.42520999143108507,cta,exact
ignnk_off,MAE_over_snaive7,krin_reduction,1,0,0.41387168759392656,cta,exact
ignnk_off,MAE_over_snaive7,krin_reduction,1,1,0.56460616245056705,cta,exact
ignnk_off,MAE_over_snaive7,krin_reduction,1,2,0.49942172004689189,cta,exact
ignnk_off,MAE_over_snaive7,krin_reduction,1,3,0.33440538603375758,cta,exact
ignnk_off,MAE_over_snaive7,krin_reduction,1,4,0.47775746405223973,cta,exact
ignnk_off,MAE_over_snaive7,krin_reduction,2,0,0.3594799624679389,cta,exact
ignnk_off,MAE_over_snaive7,krin_reduction,2,1,0.45761911909846342,cta,exact
ignnk_off,MAE_over_snaive7,krin_reduction,2,2,0.36181486345611757,cta,exact
ignnk_off,MAE_over_snaive7,krin_reduction,2,3,0.3324900724967772,cta,exact
ignnk_off,MAE_over_snaive7,krin_reduction,2,4,0.4066570386611732,cta,exact
spin,MAE,outside_penalty_no_shift,0,0,27.172365437697295,mta,exact
spin,MAE,outside_penalty_no_shift,0,1,26.126577610900881,mta,exact
spin,MAE,outside_penalty_no_shift,0,2,60.137618835022749,mta,exact
spin,MAE,outside_penalty_no_shift,0,3,13.331485532954957,mta,exact
spin,MAE,outside_penalty_no_shift,0,4,5.5992152613606549,mta,exact
spin,MAE,outside_penalty_no_shift,1,0,18.465151813880198,mta,exact
spin,MAE,outside_penalty_no_shift,1,1,16.775623653158846,mta,exact
spin,MAE,outside_penalty_no_shift,1,2,34.852310553337816,mta,exact
spin,MAE,outside_penalty_no_shift,1,3,-2.2827602688425941,mta,exact
spin,MAE,outside_penalty_no_shift,1,4,-11.486924579721517,mta,exact
spin,MAE,outside_penalty_no_shift,2,0,28.819288084910681,mta,exact
spin,MAE,outside_penalty_no_shift,2,1,36.443508225586015,mta,exact
spin,MAE,outside_penalty_no_shift,2,2,64.379584340038718,mta,exact
spin,MAE,outside_penalty_no_shift,2,3,-8.6487356117942227,mta,exact
spin,MAE,outside_penalty_no_shift,2,4,-1.7153319542946974,mta,exact
spin,MAE,outside_penalty_regional_shift,0,0,296.32925169229759,mta,exact
spin,MAE,outside_penalty_regional_shift,0,1,278.37549172021181,mta,exact
spin,MAE,outside_penalty_regional_shift,0,2,338.89688681784759,mta,exact
spin,MAE,outside_penalty_regional_shift,0,3,303.62811210645958,mta,exact
spin,MAE,outside_penalty_regional_shift,0,4,246.15789786905702,mta,exact
spin,MAE,outside_penalty_regional_shift,1,0,385.70396211225022,mta,exact
spin,MAE,outside_penalty_regional_shift,1,1,349.29450324555876,mta,exact
spin,MAE,outside_penalty_regional_shift,1,2,408.29851965045435,mta,exact
spin,MAE,outside_penalty_regional_shift,1,3,404.94112538434246,mta,exact
spin,MAE,outside_penalty_regional_shift,1,4,308.42124170935119,mta,exact
spin,MAE,outside_penalty_regional_shift,2,0,396.05048427641964,mta,exact
spin,MAE,outside_penalty_regional_shift,2,1,373.08137794991057,mta,exact
spin,MAE,outside_penalty_regional_shift,2,2,425.30045769538833,mta,exact
spin,MAE,outside_penalty_regional_shift,2,3,406.87099684313569,mta,exact
spin,MAE,outside_penalty_regional_shift,2,4,300.60602344365645,mta,exact
spin,MAE,shift_excess_penalty,0,0,269.15688625460029,mta,exact
spin,MAE,shift_excess_penalty,0,1,252.24891410931093,mta,exact
spin,MAE,shift_excess_penalty,0,2,278.75926798282484,mta,exact
spin,MAE,shift_excess_penalty,0,3,290.29662657350462,mta,exact
spin,MAE,shift_excess_penalty,0,4,240.55868260769637,mta,exact
spin,MAE,shift_excess_penalty,1,0,367.23881029837003,mta,exact
spin,MAE,shift_excess_penalty,1,1,332.51887959239991,mta,exact
spin,MAE,shift_excess_penalty,1,2,373.44620909711654,mta,exact
spin,MAE,shift_excess_penalty,1,3,407.22388565318505,mta,exact
spin,MAE,shift_excess_penalty,1,4,319.90816628907271,mta,exact
spin,MAE,shift_excess_penalty,2,0,367.23119619150896,mta,exact
spin,MAE,shift_excess_penalty,2,1,336.63786972432456,mta,exact
spin,MAE,shift_excess_penalty,2,2,360.92087335534961,mta,exact
spin,MAE,shift_excess_penalty,2,3,415.51973245492991,mta,exact
spin,MAE,shift_excess_penalty,2,4,302.32135539795115,mta,exact
spin_c,MAE,outside_penalty_no_shift,0,0,11.789077287066334,mta,exact
spin_c,MAE,outside_penalty_no_shift,0,1,0.52247253758008583,mta,exact
spin_c,MAE,outside_penalty_no_shift,0,2,10.011431305478141,mta,exact
spin_c,MAE,outside_penalty_no_shift,0,3,0.30876251576796676,mta,exact
spin_c,MAE,outside_penalty_no_shift,0,4,-11.140622537431057,mta,exact
spin_c,MAE,outside_penalty_no_shift,1,0,13.711917553890657,mta,exact
spin_c,MAE,outside_penalty_no_shift,1,1,-0.31070311678746521,mta,exact
spin_c,MAE,outside_penalty_no_shift,1,2,11.056380981144002,mta,exact
spin_c,MAE,outside_penalty_no_shift,1,3,4.7635973470513591,mta,exact
spin_c,MAE,outside_penalty_no_shift,1,4,-1.8083497504596266,mta,exact
spin_c,MAE,outside_penalty_no_shift,2,0,7.728395274710806,mta,exact
spin_c,MAE,outside_penalty_no_shift,2,1,-1.0747398297068003,mta,exact
spin_c,MAE,outside_penalty_no_shift,2,2,7.2601485766059568,mta,exact
spin_c,MAE,outside_penalty_no_shift,2,3,-1.7966417665300014,mta,exact
spin_c,MAE,outside_penalty_no_shift,2,4,-5.0906447005515929,mta,exact
spin_c,MAE,outside_penalty_regional_shift,0,0,2.9619631473449033,mta,exact
spin_c,MAE,outside_penalty_regional_shift,0,1,0.16928766884788615,mta,exact
spin_c,MAE,outside_penalty_regional_shift,0,2,2.5595428708834618,mta,exact
spin_c,MAE,outside_penalty_regional_shift,0,3,0.10527226722643945,mta,exact
spin_c,MAE,outside_penalty_regional_shift,0,4,-2.8558504481875389,mta,exact
spin_c,MAE,outside_penalty_regional_shift,1,0,3.3604949148922145,mta,exact
spin_c,MAE,outside_penalty_regional_shift,1,1,-0.038160568104160575,mta,exact
spin_c,MAE,outside_penalty_regional_shift,1,2,2.6896865069725493,mta,exact
spin_c,MAE,outside_penalty_regional_shift,1,3,1.1405527304740986,mta,exact
spin_c,MAE,outside_penalty_regional_shift,1,4,-0.61639352672708014,mta,exact
spin_c,MAE,outside_penalty_regional_shift,2,0,1.9639193529836803,mta,exact
spin_c,MAE,outside_penalty_regional_shift,2,1,-0.14292099462579699,mta,exact
spin_c,MAE,outside_penalty_regional_shift,2,2,1.8557040810966896,mta,exact
spin_c,MAE,outside_penalty_regional_shift,2,3,-0.41203854265215512,mta,exact
spin_c,MAE,outside_penalty_regional_shift,2,4,-1.3436711977935119,mta,exact
spin_c,MAE,shift_excess_penalty,0,0,-8.8271141397214308,mta,exact
spin_c,MAE,shift_excess_penalty,0,1,-0.35318486873219967,mta,exact
spin_c,MAE,shift_excess_penalty,0,2,-7.4518884345946788,mta,exact
spin_c,MAE,shift_excess_penalty,0,3,-0.20349024854152731,mta,exact
spin_c,MAE,shift_excess_penalty,0,4,8.2847720892435177,mta,exact
spin_c,MAE,shift_excess_penalty,1,0,-10.351422638998443,mta,exact
spin_c,MAE,shift_excess_penalty,1,1,0.27254254868330463,mta,exact
spin_c,MAE,shift_excess_penalty,1,2,-8.3666944741714531,mta,exact
spin_c,MAE,shift_excess_penalty,1,3,-3.6230446165772605,mta,exact
spin_c,MAE,shift_excess_penalty,1,4,1.1919562237325465,mta,exact
spin_c,MAE,shift_excess_penalty,2,0,-5.7644759217271258,mta,exact
spin_c,MAE,shift_excess_penalty,2,1,0.93181883508100327,mta,exact
spin_c,MAE,shift_excess_penalty,2,2,-5.4044444955092672,mta,exact
spin_c,MAE,shift_excess_penalty,2,3,1.3846032238778463,mta,exact
spin_c,MAE,shift_excess_penalty,2,4,3.7469735027580811,mta,exact
ignnk_off,MAE,outside_penalty_no_shift,0,0,2.7061682603837198,mta,exact
ignnk_off,MAE,outside_penalty_no_shift,0,1,3.3761563124145368,mta,exact
ignnk_off,MAE,outside_penalty_no_shift,0,2,-15.599541565996105,mta,exact
ignnk_off,MAE,outside_penalty_no_shift,0,3,17.562613742378971,mta,exact
ignnk_off,MAE,outside_penalty_no_shift,0,4,2.6483275052535191,mta,exact
ignnk_off,MAE,outside_penalty_no_shift,1,0,0.39440720294453513,mta,exact
ignnk_off,MAE,outside_penalty_no_shift,1,1,16.305423335172804,mta,exact
ignnk_off,MAE,outside_penalty_no_shift,1,2,-22.054633745207184,mta,exact
ignnk_off,MAE,outside_penalty_no_shift,1,3,16.629880656732894,mta,exact
ignnk_off,MAE,outside_penalty_no_shift,1,4,-4.6425072235356311,mta,exact
ignnk_off,MAE,outside_penalty_no_shift,2,0,0.23425629271844173,mta,exact
ignnk_off,MAE,outside_penalty_no_shift,2,1,9.286766710685356,mta,exact
ignnk_off,MAE,outside_penalty_no_shift,2,2,-14.225464835338244,mta,exact
ignnk_off,MAE,outside_penalty_no_shift,2,3,5.0301692420897552,mta,exact
ignnk_off,MAE,outside_penalty_no_shift,2,4,-9.5970297314157733,mta,exact
ignnk_off,MAE,outside_penalty_regional_shift,0,0,66.589612188650108,mta,exact
ignnk_off,MAE,outside_penalty_regional_shift,0,1,56.784963052204887,mta,exact
ignnk_off,MAE,outside_penalty_regional_shift,0,2,45.042702745844053,mta,exact
ignnk_off,MAE,outside_penalty_regional_shift,0,3,80.576697676863319,mta,exact
ignnk_off,MAE,outside_penalty_regional_shift,0,4,45.925404066522219,mta,exact
ignnk_off,MAE,outside_penalty_regional_shift,1,0,137.86722323541011,mta,exact
ignnk_off,MAE,outside_penalty_regional_shift,1,1,126.43971982418793,mta,exact
ignnk_off,MAE,outside_penalty_regional_shift,1,2,105.64007226942078,mta,exact
ignnk_off,MAE,outside_penalty_regional_shift,1,3,156.44024039061674,mta,exact
ignnk_off,MAE,outside_penalty_regional_shift,1,4,107.67490088159968,mta,exact
ignnk_off,MAE,outside_penalty_regional_shift,2,0,119.15736703962926,mta,exact
ignnk_off,MAE,outside_penalty_regional_shift,2,1,112.23000782646113,mta,exact
ignnk_off,MAE,outside_penalty_regional_shift,2,2,115.32104547327202,mta,exact
ignnk_off,MAE,outside_penalty_regional_shift,2,3,138.24533302084984,mta,exact
ignnk_off,MAE,outside_penalty_regional_shift,2,4,108.3127805276464,mta,exact
ignnk_off,MAE,shift_excess_penalty,0,0,63.883443928266388,mta,exact
ignnk_off,MAE,shift_excess_penalty,0,1,53.40880673979035,mta,exact
ignnk_off,MAE,shift_excess_penalty,0,2,60.642244311840159,mta,exact
ignnk_off,MAE,shift_excess_penalty,0,3,63.014083934484347,mta,exact
ignnk_off,MAE,shift_excess_penalty,0,4,43.2770765612687,mta,exact
ignnk_off,MAE,shift_excess_penalty,1,0,137.47281603246557,mta,exact
ignnk_off,MAE,shift_excess_penalty,1,1,110.13429648901513,mta,exact
ignnk_off,MAE,shift_excess_penalty,1,2,127.69470601462797,mta,exact
ignnk_off,MAE,shift_excess_penalty,1,3,139.81035973388384,mta,exact
ignnk_off,MAE,shift_excess_penalty,1,4,112.31740810513531,mta,exact
ignnk_off,MAE,shift_excess_penalty,2,0,118.92311074691082,mta,exact
ignnk_off,MAE,shift_excess_penalty,2,1,102.94324111577578,mta,exact
ignnk_off,MAE,shift_excess_penalty,2,2,129.54651030861027,mta,exact
ignnk_off,MAE,shift_excess_penalty,2,3,133.21516377876009,mta,exact
ignnk_off,MAE,shift_excess_penalty,2,4,117.90981025906217,mta,exact
ignnk_off_c,MAE,outside_penalty_no_shift,0,0,-13.864382475683442,mta,exact
ignnk_off_c,MAE,outside_penalty_no_shift,0,1,18.346894956244,mta,exact
ignnk_off_c,MAE,outside_penalty_no_shift,0,2,-12.644114137428573,mta,exact
ignnk_off_c,MAE,outside_penalty_no_shift,0,3,13.392678522153915,mta,exact
ignnk_off_c,MAE,outside_penalty_no_shift,0,4,-14.282867086945089,mta,exact
ignnk_off_c,MAE,outside_penalty_no_shift,1,0,-15.004382311382756,mta,exact
ignnk_off_c,MAE,outside_penalty_no_shift,1,1,22.920333934484461,mta,exact
ignnk_off_c,MAE,outside_penalty_no_shift,1,2,-4.8486047553706157,mta,exact
ignnk_off_c,MAE,outside_penalty_no_shift,1,3,21.14459859205806,mta,exact
ignnk_off_c,MAE,outside_penalty_no_shift,1,4,-13.039182755450497,mta,exact
ignnk_off_c,MAE,outside_penalty_no_shift,2,0,-15.48945148199266,mta,exact
ignnk_off_c,MAE,outside_penalty_no_shift,2,1,21.942286213602301,mta,exact
ignnk_off_c,MAE,outside_penalty_no_shift,2,2,-3.6358974506274535,mta,exact
ignnk_off_c,MAE,outside_penalty_no_shift,2,3,20.518710826631946,mta,exact
ignnk_off_c,MAE,outside_penalty_no_shift,2,4,-4.2706987128972287,mta,exact
ignnk_off_c,MAE,outside_penalty_regional_shift,0,0,-3.5399883346477736,mta,exact
ignnk_off_c,MAE,outside_penalty_regional_shift,0,1,4.5901334440371215,mta,exact
ignnk_off_c,MAE,outside_penalty_regional_shift,0,2,-3.1254448106518851,mta,exact
ignnk_off_c,MAE,outside_penalty_regional_shift,0,3,3.3506904408769458,mta,exact
ignnk_off_c,MAE,outside_penalty_regional_shift,0,4,-3.6252641105201349,mta,exact
ignnk_off_c,MAE,outside_penalty_regional_shift,1,0,-3.8276341515509955,mta,exact
ignnk_off_c,MAE,outside_penalty_regional_shift,1,1,5.7282798251405609,mta,exact
ignnk_off_c,MAE,outside_penalty_regional_shift,1,2,-1.1857939521344179,mta,exact
ignnk_off_c,MAE,outside_penalty_regional_shift,1,3,5.2561724745085883,mta,exact
ignnk_off_c,MAE,outside_penalty_regional_shift,1,4,-3.2985257420541245,mta,exact
ignnk_off_c,MAE,outside_penalty_regional_shift,2,0,-3.8642779393402122,mta,exact
ignnk_off_c,MAE,outside_penalty_regional_shift,2,1,5.4925042951093417,mta,exact
ignnk_off_c,MAE,outside_penalty_regional_shift,2,2,-0.73691747859663792,mta,exact
ignnk_off_c,MAE,outside_penalty_regional_shift,2,3,5.1418785272456091,mta,exact
ignnk_off_c,MAE,outside_penalty_regional_shift,2,4,-1.0549031799973534,mta,exact
ignnk_off_c,MAE,shift_excess_penalty,0,0,10.324394141035668,mta,exact
ignnk_off_c,MAE,shift_excess_penalty,0,1,-13.756761512206879,mta,exact
ignnk_off_c,MAE,shift_excess_penalty,0,2,9.5186693267766884,mta,exact
ignnk_off_c,MAE,shift_excess_penalty,0,3,-10.041988081276969,mta,exact
ignnk_off_c,MAE,shift_excess_penalty,0,4,10.657602976424954,mta,exact
ignnk_off_c,MAE,shift_excess_penalty,1,0,11.17674815983176,mta,exact
ignnk_off_c,MAE,shift_excess_penalty,1,1,-17.1920541093439,mta,exact
ignnk_off_c,MAE,shift_excess_penalty,1,2,3.6628108032361979,mta,exact
ignnk_off_c,MAE,shift_excess_penalty,1,3,-15.888426117549471,mta,exact
ignnk_off_c,MAE,shift_excess_penalty,1,4,9.7406570133963726,mta,exact
ignnk_off_c,MAE,shift_excess_penalty,2,0,11.625173542652448,mta,exact
ignnk_off_c,MAE,shift_excess_penalty,2,1,-16.44978191849296,mta,exact
ignnk_off_c,MAE,shift_excess_penalty,2,2,2.8989799720308156,mta,exact
ignnk_off_c,MAE,shift_excess_penalty,2,3,-15.376832299386336,mta,exact
ignnk_off_c,MAE,shift_excess_penalty,2,4,3.2157955328998753,mta,exact
spin,MAE,krin_reduction,0,0,277.9840003943217,mta,exact
spin,MAE,krin_reduction,0,1,252.60209897804313,mta,exact
spin,MAE,krin_reduction,0,2,286.21115641741949,mta,exact
spin,MAE,krin_reduction,0,3,290.50011682204615,mta,exact
spin,MAE,krin_reduction,0,4,232.27391051845285,mta,exact
spin,MAE,krin_reduction,1,0,377.59023293736846,mta,exact
spin,MAE,krin_reduction,1,1,332.24633704371661,mta,exact
spin,MAE,krin_reduction,1,2,381.81290357128796,mta,exact
spin,MAE,krin_reduction,1,3,410.84693026976231,mta,exact
spin,MAE,krin_reduction,1,4,318.71621006534019,mta,exact
spin,MAE,krin_reduction,2,0,372.99567211323608,mta,exact
spin,MAE,krin_reduction,2,1,335.70605088924356,mta,exact
spin,MAE,krin_reduction,2,2,366.32531785085888,mta,exact
spin,MAE,krin_reduction,2,3,414.13512923105208,mta,exact
spin,MAE,krin_reduction,2,4,298.57438189519308,mta,exact
ignnk_off,MAE,krin_reduction,0,0,53.55904978723072,mta,exact
ignnk_off,MAE,krin_reduction,0,1,67.165568251997229,mta,exact
ignnk_off,MAE,krin_reduction,0,2,51.12357498506347,mta,exact
ignnk_off,MAE,krin_reduction,0,3,73.056072015761316,mta,exact
ignnk_off,MAE,krin_reduction,0,4,32.619473584843746,mta,exact
ignnk_off,MAE,krin_reduction,1,0,126.29606787263381,mta,exact
ignnk_off,MAE,krin_reduction,1,1,127.32635059835903,mta,exact
ignnk_off,MAE,krin_reduction,1,2,124.03189521139177,mta,exact
ignnk_off,MAE,krin_reduction,1,3,155.69878585143331,mta,exact
ignnk_off,MAE,krin_reduction,1,4,102.57675109173894,mta,exact
ignnk_off,MAE,krin_reduction,2,0,107.29793720425837,mta,exact
ignnk_off,MAE,krin_reduction,2,1,119.39302303426874,mta,exact
ignnk_off,MAE,krin_reduction,2,2,126.64753033657945,mta,exact
ignnk_off,MAE,krin_reduction,2,3,148.59199607814642,mta,exact
ignnk_off,MAE,krin_reduction,2,4,114.69401472616229,mta,exact
spin,MAE_over_snaive7,outside_penalty_no_shift,0,0,0.027357742189187406,mta,exact
spin,MAE_over_snaive7,outside_penalty_no_shift,0,1,0.027615774124206238,mta,exact
spin,MAE_over_snaive7,outside_penalty_no_shift,0,2,0.056918366377045504,mta,exact
spin,MAE_over_snaive7,outside_penalty_no_shift,0,3,0.013355246443925606,mta,exact
spin,MAE_over_snaive7,outside_penalty_no_shift,0,4,0.0057480881783963378,mta,exact
spin,MAE_over_snaive7,outside_penalty_no_shift,1,0,0.018591125751146631,mta,exact
spin,MAE_over_snaive7,outside_penalty_no_shift,1,1,0.017731822380174012,mta,exact
spin,MAE_over_snaive7,outside_penalty_no_shift,1,2,0.032986616690020454,mta,exact
spin,MAE_over_snaive7,outside_penalty_no_shift,1,3,-0.0022868288674530168,mta,exact
spin,MAE_over_snaive7,outside_penalty_no_shift,1,4,-0.011792340944359658,mta,exact
spin,MAE_over_snaive7,outside_penalty_no_shift,2,0,0.029015900559363428,mta,exact
spin,MAE_over_snaive7,outside_penalty_no_shift,2,1,0.038520762513935991,mta,exact
spin,MAE_over_snaive7,outside_penalty_no_shift,2,2,0.060933253421969202,mta,exact
spin,MAE_over_snaive7,outside_penalty_no_shift,2,3,-0.0086641503858171376,mta,exact
spin,MAE_over_snaive7,outside_penalty_no_shift,2,4,-0.0017609395010311779,mta,exact
spin,MAE_over_snaive7,outside_penalty_regional_shift,0,0,1.1934035392687148,mta,exact
spin,MAE_over_snaive7,outside_penalty_regional_shift,0,1,1.1769707943458592,mta,exact
spin,MAE_over_snaive7,outside_penalty_regional_shift,0,2,1.2830210135759257,mta,exact
spin,MAE_over_snaive7,outside_penalty_regional_shift,0,3,1.2166770925750905,mta,exact
spin,MAE_over_snaive7,outside_penalty_regional_shift,0,4,1.0108111488581439,mta,exact
spin,MAE_over_snaive7,outside_penalty_regional_shift,1,0,1.5533413284919053,mta,exact
spin,MAE_over_snaive7,outside_penalty_regional_shift,1,1,1.4768161751781057,mta,exact
spin,MAE_over_snaive7,outside_penalty_regional_shift,1,2,1.5457668715766075,mta,exact
spin,MAE_over_snaive7,outside_penalty_regional_shift,1,3,1.6226514326313766,mta,exact
spin,MAE_over_snaive7,outside_penalty_regional_shift,1,4,1.2664863990280011,mta,exact
spin,MAE_over_snaive7,outside_penalty_regional_shift,2,0,1.5950097635158746,mta,exact
spin,MAE_over_snaive7,outside_penalty_regional_shift,2,1,1.5773870143808792,mta,exact
spin,MAE_over_snaive7,outside_penalty_regional_shift,2,2,1.6101340718421295,mta,exact
spin,MAE_over_snaive7,outside_penalty_regional_shift,2,3,1.6303846770244546,mta,exact
spin,MAE_over_snaive7,outside_penalty_regional_shift,2,4,1.2343943563915047,mta,exact
spin,MAE_over_snaive7,shift_excess_penalty,0,0,1.1660457970795273,mta,exact
spin,MAE_over_snaive7,shift_excess_penalty,0,1,1.1493550202216529,mta,exact
spin,MAE_over_snaive7,shift_excess_penalty,0,2,1.2261026471988803,mta,exact
spin,MAE_over_snaive7,shift_excess_penalty,0,3,1.203321846131165,mta,exact
spin,MAE_over_snaive7,shift_excess_penalty,0,4,1.0050630606797477,mta,exact
spin,MAE_over_snaive7,shift_excess_penalty,1,0,1.5347502027407587,mta,exact
spin,MAE_over_snaive7,shift_excess_penalty,1,1,1.4590843527979316,mta,exact
spin,MAE_over_snaive7,shift_excess_penalty,1,2,1.5127802548865872,mta,exact
spin,MAE_over_snaive7,shift_excess_penalty,1,3,1.6249382614988295,mta,exact
spin,MAE_over_snaive7,shift_excess_penalty,1,4,1.2782787399723607,mta,exact
spin,MAE_over_snaive7,shift_excess_penalty,2,0,1.5659938629565113,mta,exact
spin,MAE_over_snaive7,shift_excess_penalty,2,1,1.5388662518669434,mta,exact
spin,MAE_over_snaive7,shift_excess_penalty,2,2,1.5492008184201604,mta,exact
spin,MAE_over_snaive7,shift_excess_penalty,2,3,1.6390488274102717,mta,exact
spin,MAE_over_snaive7,shift_excess_penalty,2,4,1.2361552958925359,mta,exact
spin_c,MAE_over_snaive7,outside_penalty_no_shift,0,0,0.011869505354897059,mta,exact
spin_c,MAE_over_snaive7,outside_penalty_no_shift,0,1,0.00055225310405337957,mta,exact
spin_c,MAE_over_snaive7,outside_penalty_no_shift,0,2,0.009475505117139349,mta,exact
spin_c,MAE_over_snaive7,outside_penalty_no_shift,0,3,0.00030931282793156267,mta,exact
spin_c,MAE_over_snaive7,outside_penalty_no_shift,0,4,-0.011436831362654387,mta,exact
spin_c,MAE_over_snaive7,outside_penalty_no_shift,1,0,0.013805463724490652,mta,exact
spin_c,MAE_over_snaive7,outside_penalty_no_shift,1,1,-0.00032841297550240123,mta,exact
spin_c,MAE_over_snaive7,outside_penalty_no_shift,1,2,0.010464517147168118,mta,exact
spin_c,MAE_over_snaive7,outside_penalty_no_shift,1,3,0.0047720875796052331,mta,exact
spin_c,MAE_over_snaive7,outside_penalty_no_shift,1,4,-0.0018564304706686352,mta,exact
spin_c,MAE_over_snaive7,outside_penalty_no_shift,2,0,0.0077811203425207642,mta,exact
spin_c,MAE_over_snaive7,outside_penalty_no_shift,2,1,-0.0011359992426672183,mta,exact
spin_c,MAE_over_snaive7,outside_penalty_no_shift,2,2,0.0068715024744941955,mta,exact
spin_c,MAE_over_snaive7,outside_penalty_no_shift,2,3,-0.0017998439486840434,mta,exact
spin_c,MAE_over_snaive7,outside_penalty_no_shift,2,4,-0.005225995654352722,mta,exact
spin_c,MAE_over_snaive7,outside_penalty_regional_shift,0,0,0.011928681637192518,mta,exact
spin_c,MAE_over_snaive7,outside_penalty_regional_shift,0,1,0.00071574778672367501,mta,exact
spin_c,MAE_over_snaive7,outside_penalty_regional_shift,0,2,0.0096901075702622297,mta,exact
spin_c,MAE_over_snaive7,outside_penalty_regional_shift,0,3,0.00042183958240649133,mta,exact
spin_c,MAE_over_snaive7,outside_penalty_regional_shift,0,4,-0.011727129202391384,mta,exact
spin_c,MAE_over_snaive7,outside_penalty_regional_shift,1,0,0.01353368424556084,mta,exact
spin_c,MAE_over_snaive7,outside_penalty_regional_shift,1,1,-0.00016134277438256683,mta,exact
spin_c,MAE_over_snaive7,outside_penalty_regional_shift,1,2,0.010182815017218627,mta,exact
spin_c,MAE_over_snaive7,outside_penalty_regional_shift,1,3,0.0045703422203384192,mta,exact
spin_c,MAE_over_snaive7,outside_penalty_regional_shift,1,4,-0.0025311292235325467,mta,exact
spin_c,MAE_over_snaive7,outside_penalty_regional_shift,2,0,0.0079092708306864878,mta,exact
spin_c,MAE_over_snaive7,outside_penalty_regional_shift,2,1,-0.00060426956243148089,mta,exact
spin_c,MAE_over_snaive7,outside_penalty_regional_shift,2,2,0.007025462385865322,mta,exact
spin_c,MAE_over_snaive7,outside_penalty_regional_shift,2,3,-0.0016510917010448267,mta,exact
spin_c,MAE_over_snaive7,outside_penalty_regional_shift,2,4,-0.0055175878527031763,mta,exact
spin_c,MAE_over_snaive7,shift_excess_penalty,0,0,5.9176282295458904e-05,mta,exact
spin_c,MAE_over_snaive7,shift_excess_penalty,0,1,0.00016349468267029543,mta,exact
spin_c,MAE_over_snaive7,shift_excess_penalty,0,2,0.00021460245312288073,mta,exact
spin_c,MAE_over_snaive7,shift_excess_penalty,0,3,0.00011252675447492866,mta,exact
spin_c,MAE_over_snaive7,shift_excess_penalty,0,4,-0.00029029783973699708,mta,exact
spin_c,MAE_over_snaive7,shift_excess_penalty,1,0,-0.00027177947892981225,mta,exact
spin_c,MAE_over_snaive7,shift_excess_penalty,1,1,0.00016707020111983439,mta,exact
spin_c,MAE_over_snaive7,shift_excess_penalty,1,2,-0.0002817021299494904,mta,exact
spin_c,MAE_over_snaive7,shift_excess_penalty,1,3,-0.00020174535926681392,mta,exact
spin_c,MAE_over_snaive7,shift_excess_penalty,1,4,-0.00067469875286391146,mta,exact
spin_c,MAE_over_snaive7,shift_excess_penalty,2,0,0.00012815048816572361,mta,exact
spin_c,MAE_over_snaive7,shift_excess_penalty,2,1,0.00053172968023573741,mta,exact
spin_c,MAE_over_snaive7,shift_excess_penalty,2,2,0.00015395991137112652,mta,exact
spin_c,MAE_over_snaive7,shift_excess_penalty,2,3,0.00014875224763921668,mta,exact
spin_c,MAE_over_snaive7,shift_excess_penalty,2,4,-0.00029159219835045436,mta,exact
ignnk_off,MAE_over_snaive7,outside_penalty_no_shift,0,0,0.0027246304249033404,mta,exact
ignnk_off,MAE_over_snaive7,outside_penalty_no_shift,0,1,0.0035685948431589676,mta,exact
ignnk_off,MAE_over_snaive7,outside_penalty_no_shift,0,2,-0.01476447586997276,mta,exact
ignnk_off,MAE_over_snaive7,outside_penalty_no_shift,0,3,0.017593915857999187,mta,exact
ignnk_off,MAE_over_snaive7,outside_penalty_no_shift,0,4,0.0027187417012737303,mta,exact
ignnk_off,MAE_over_snaive7,outside_penalty_no_shift,1,0,0.00039709794866615855,mta,exact
ignnk_off,MAE_over_snaive7,outside_penalty_no_shift,1,1,0.01723482097539708,mta,exact
ignnk_off,MAE_over_snaive7,outside_penalty_no_shift,1,2,-0.020874017763573227,mta,exact
ignnk_off,MAE_over_snaive7,outside_penalty_no_shift,1,3,0.016659520347880541,mta,exact
ignnk_off,MAE_over_snaive7,outside_penalty_no_shift,1,4,-0.0047659430195294838,mta,exact
ignnk_off,MAE_over_snaive7,outside_penalty_no_shift,2,0,0.00023585444841311975,mta,exact
ignnk_off,MAE_over_snaive7,outside_penalty_no_shift,2,1,0.0098161058691237368,mta,exact
ignnk_off,MAE_over_snaive7,outside_penalty_no_shift,2,2,-0.013463955425352059,mta,exact
ignnk_off,MAE_over_snaive7,outside_penalty_no_shift,2,3,0.0050391345898174178,mta,exact
ignnk_off,MAE_over_snaive7,outside_penalty_no_shift,2,4,-0.0098521972404868041,mta,exact
ignnk_off,MAE_over_snaive7,outside_penalty_regional_shift,0,0,0.26817561347937557,mta,exact
ignnk_off,MAE_over_snaive7,outside_penalty_regional_shift,0,1,0.24008666372694631,mta,exact
ignnk_off,MAE_over_snaive7,outside_penalty_regional_shift,0,2,0.17052601065123896,mta,exact
ignnk_off,MAE_over_snaive7,outside_penalty_regional_shift,0,3,0.32288124303988797,mta,exact
ignnk_off,MAE_over_snaive7,outside_penalty_regional_shift,0,4,0.18858590704633738,mta,exact
ignnk_off,MAE_over_snaive7,outside_penalty_regional_shift,1,0,0.55523115324819283,mta,exact
ignnk_off,MAE_over_snaive7,outside_penalty_regional_shift,1,1,0.5345867790254808,mta,exact
ignnk_off,MAE_over_snaive7,outside_penalty_regional_shift,1,2,0.39994003447484094,mta,exact
ignnk_off,MAE_over_snaive7,outside_penalty_regional_shift,1,3,0.62687626491405624,mta,exact
ignnk_off,MAE_over_snaive7,outside_penalty_regional_shift,1,4,0.44215112009614699,mta,exact
ignnk_off,MAE_over_snaive7,outside_penalty_regional_shift,2,0,0.47988115497519446,mta,exact
ignnk_off,MAE_over_snaive7,outside_penalty_regional_shift,2,1,0.47450815675150637,mta,exact
ignnk_off,MAE_over_snaive7,outside_penalty_regional_shift,2,2,0.43659098210978553,mta,exact
ignnk_off,MAE_over_snaive7,outside_penalty_regional_shift,2,3,0.55396691918601926,mta,exact
ignnk_off,MAE_over_snaive7,outside_penalty_regional_shift,2,4,0.44477047890378807,mta,exact
ignnk_off,MAE_over_snaive7,shift_excess_penalty,0,0,0.26545098305447223,mta,exact
ignnk_off,MAE_over_snaive7,shift_excess_penalty,0,1,0.23651806888378735,mta,exact
ignnk_off,MAE_over_snaive7,shift_excess_penalty,0,2,0.18529048652121172,mta,exact
ignnk_off,MAE_over_snaive7,shift_excess_penalty,0,3,0.30528732718188878,mta,exact
ignnk_off,MAE_over_snaive7,shift_excess_penalty,0,4,0.18586716534506365,mta,exact
ignnk_off,MAE_over_snaive7,shift_excess_penalty,1,0,0.55483405529952667,mta,exact
ignnk_off,MAE_over_snaive7,shift_excess_penalty,1,1,0.51735195805008372,mta,exact
ignnk_off,MAE_over_snaive7,shift_excess_penalty,1,2,0.42081405223841417,mta,exact
ignnk_off,MAE_over_snaive7,shift_excess_penalty,1,3,0.6102167445661757,mta,exact
ignnk_off,MAE_over_snaive7,shift_excess_penalty,1,4,0.44691706311567647,mta,exact
ignnk_off,MAE_over_snaive7,shift_excess_penalty,2,0,0.47964530052678134,mta,exact
ignnk_off,MAE_over_snaive7,shift_excess_penalty,2,1,0.46469205088238263,mta,exact
ignnk_off,MAE_over_snaive7,shift_excess_penalty,2,2,0.45005493753513759,mta,exact
ignnk_off,MAE_over_snaive7,shift_excess_penalty,2,3,0.54892778459620184,mta,exact
ignnk_off,MAE_over_snaive7,shift_excess_penalty,2,4,0.45462267614427487,mta,exact
ignnk_off_c,MAE_over_snaive7,outside_penalty_no_shift,0,0,-0.013958968800552807,mta,exact
ignnk_off_c,MAE_over_snaive7,outside_penalty_no_shift,0,1,0.019392655040313289,mta,exact
ignnk_off_c,MAE_over_snaive7,outside_penalty_no_shift,0,2,-0.01196725668440024,mta,exact
ignnk_off_c,MAE_over_snaive7,outside_penalty_no_shift,0,3,0.013416548498326963,mta,exact
ignnk_off_c,MAE_over_snaive7,outside_penalty_no_shift,0,4,-0.014662622461156016,mta,exact
ignnk_off_c,MAE_over_snaive7,outside_penalty_no_shift,1,0,-0.015106746003545557,mta,exact
ignnk_off_c,MAE_over_snaive7,outside_penalty_no_shift,1,1,0.024226776817565576,mta,exact
ignnk_off_c,MAE_over_snaive7,outside_penalty_no_shift,1,2,-0.0045890520314872951,mta,exact
ignnk_off_c,MAE_over_snaive7,outside_penalty_no_shift,1,3,0.02118228493417007,mta,exact
ignnk_off_c,MAE_over_snaive7,outside_penalty_no_shift,1,4,-0.013385870832610225,mta,exact
ignnk_off_c,MAE_over_snaive7,outside_penalty_no_shift,2,0,-0.015595124438757435,mta,exact
ignnk_off_c,MAE_over_snaive7,outside_penalty_no_shift,2,1,0.023192981065790153,mta,exact
ignnk_off_c,MAE_over_snaive7,outside_penalty_no_shift,2,2,-0.0034412626773918653,mta,exact
ignnk_off_c,MAE_over_snaive7,outside_penalty_no_shift,2,3,0.020555281639387801,mta,exact
ignnk_off_c,MAE_over_snaive7,outside_penalty_no_shift,2,4,-0.0043842487990238821,mta,exact
ignnk_off_c,MAE_over_snaive7,outside_penalty_regional_shift,0,0,-0.014256556122665187,mta,exact
ignnk_off_c,MAE_over_snaive7,outside_penalty_regional_shift,0,1,0.019407071263341402,mta,exact
ignnk_off_c,MAE_over_snaive7,outside_penalty_regional_shift,0,2,-0.011832541179386813,mta,exact
ignnk_off_c,MAE_over_snaive7,outside_penalty_regional_shift,0,3,0.013426649711196448,mta,exact
ignnk_off_c,MAE_over_snaive7,outside_penalty_regional_shift,0,4,-0.014886613073119337,mta,exact
ignnk_off_c,MAE_over_snaive7,outside_penalty_regional_shift,1,0,-0.015414988960421594,mta,exact
ignnk_off_c,MAE_over_snaive7,outside_penalty_regional_shift,1,1,0.024219150954593704,mta,exact
ignnk_off_c,MAE_over_snaive7,outside_penalty_regional_shift,1,2,-0.0044892668464595609,mta,exact
ignnk_off_c,MAE_over_snaive7,outside_penalty_regional_shift,1,3,0.021062162525043338,mta,exact
ignnk_off_c,MAE_over_snaive7,outside_penalty_regional_shift,1,4,-0.013544910091154216,mta,exact
ignnk_off_c,MAE_over_snaive7,outside_penalty_regional_shift,2,0,-0.015562564084342534,mta,exact
ignnk_off_c,MAE_over_snaive7,outside_penalty_regional_shift,2,1,0.023222292678193868,mta,exact
ignnk_off_c,MAE_over_snaive7,outside_penalty_regional_shift,2,2,-0.0027898769421834668,mta,exact
ignnk_off_c,MAE_over_snaive7,outside_penalty_regional_shift,2,3,0.020604171904576418,mta,exact
ignnk_off_c,MAE_over_snaive7,outside_penalty_regional_shift,2,4,-0.0043318045227801472,mta,exact
ignnk_off_c,MAE_over_snaive7,shift_excess_penalty,0,0,-0.00029758732211238037,mta,exact
ignnk_off_c,MAE_over_snaive7,shift_excess_penalty,0,1,1.4416223028113073e-05,mta,exact
ignnk_off_c,MAE_over_snaive7,shift_excess_penalty,0,2,0.00013471550501342744,mta,exact
ignnk_off_c,MAE_over_snaive7,shift_excess_penalty,0,3,1.0101212869484399e-05,mta,exact
ignnk_off_c,MAE_over_snaive7,shift_excess_penalty,0,4,-0.0002239906119633206,mta,exact
ignnk_off_c,MAE_over_snaive7,shift_excess_penalty,1,0,-0.00030824295687603698,mta,exact
ignnk_off_c,MAE_over_snaive7,shift_excess_penalty,1,1,-7.625862971871733e-06,mta,exact
ignnk_off_c,MAE_over_snaive7,shift_excess_penalty,1,2,9.9785185027734258e-05,mta,exact
ignnk_off_c,MAE_over_snaive7,shift_excess_penalty,1,3,-0.00012012240912673278,mta,exact
ignnk_off_c,MAE_over_snaive7,shift_excess_penalty,1,4,-0.00015903925854399148,mta,exact
ignnk_off_c,MAE_over_snaive7,shift_excess_penalty,2,0,3.2560354414901127e-05,mta,exact
ignnk_off_c,MAE_over_snaive7,shift_excess_penalty,2,1,2.9311612403715159e-05,mta,exact
ignnk_off_c,MAE_over_snaive7,shift_excess_penalty,2,2,0.00065138573520839849,mta,exact
ignnk_off_c,MAE_over_snaive7,shift_excess_penalty,2,3,4.8890265188616944e-05,mta,exact
ignnk_off_c,MAE_over_snaive7,shift_excess_penalty,2,4,5.2444276243734933e-05,mta,exact
spin,MAE_over_snaive7,krin_reduction,0,0,1.1659866207972318,mta,exact
spin,MAE_over_snaive7,krin_reduction,0,1,1.1491915255389826,mta,exact
spin,MAE_over_snaive7,krin_reduction,0,2,1.2258880447457574,mta,exact
spin,MAE_over_snaive7,krin_reduction,0,3,1.2032093193766902,mta,exact
spin,MAE_over_snaive7,krin_reduction,0,4,1.0053533585194847,mta,exact
spin,MAE_over_snaive7,krin_reduction,1,0,1.5350219822196884,mta,exact
spin,MAE_over_snaive7,krin_reduction,1,1,1.4589172825968117,mta,exact
spin,MAE_over_snaive7,krin_reduction,1,2,1.5130619570165367,mta,exact
spin,MAE_over_snaive7,krin_reduction,1,3,1.6251400068580963,mta,exact
spin,MAE_over_snaive7,krin_reduction,1,4,1.2789534387252246,mta,exact
spin,MAE_over_snaive7,krin_reduction,2,0,1.5658657124683457,mta,exact
spin,MAE_over_snaive7,krin_reduction,2,1,1.5383345221867075,mta,exact
spin,MAE_over_snaive7,krin_reduction,2,2,1.5490468585087893,mta,exact
spin,MAE_over_snaive7,krin_reduction,2,3,1.6389000751626326,mta,exact
spin,MAE_over_snaive7,krin_reduction,2,4,1.2364468880908863,mta,exact
ignnk_off,MAE_over_snaive7,krin_reduction,0,0,0.26574857037658461,mta,exact
ignnk_off,MAE_over_snaive7,krin_reduction,0,1,0.23650365266075923,mta,exact
ignnk_off,MAE_over_snaive7,krin_reduction,0,2,0.18515577101619829,mta,exact
ignnk_off,MAE_over_snaive7,krin_reduction,0,3,0.30527722596901929,mta,exact
ignnk_off,MAE_over_snaive7,krin_reduction,0,4,0.18609115595702697,mta,exact
ignnk_off,MAE_over_snaive7,krin_reduction,1,0,0.55514229825640271,mta,exact
ignnk_off,MAE_over_snaive7,krin_reduction,1,1,0.51735958391305559,mta,exact
ignnk_off,MAE_over_snaive7,krin_reduction,1,2,0.42071426705338644,mta,exact
ignnk_off,MAE_over_snaive7,krin_reduction,1,3,0.61033686697530243,mta,exact
ignnk_off,MAE_over_snaive7,krin_reduction,1,4,0.44707610237422046,mta,exact
ignnk_off,MAE_over_snaive7,krin_reduction,2,0,0.47961274017236644,mta,exact
ignnk_off,MAE_over_snaive7,krin_reduction,2,1,0.46466273926997892,mta,exact
ignnk_off,MAE_over_snaive7,krin_reduction,2,2,0.44940355179992919,mta,exact
ignnk_off,MAE_over_snaive7,krin_reduction,2,3,0.54887889433101322,mta,exact
ignnk_off,MAE_over_snaive7,krin_reduction,2,4,0.45457023186803114,mta,exact
